"comment","status","pid","rc","command","group","user","host","pwd","inputfile","outputfile","errorfile","exception"
"TASK_10.20.48.1","FINISHED","","512","ping -c 1 -t 1 10.20.48.1","","","","demo","","","",""
"TASK_10.20.48.2","FINISHED","","None","ping -c 1 -t 1 10.20.48.2","","","","demo","","","",""
"TASK_10.20.48.3","FINISHED","","None","ping -c 1 -t 1 10.20.48.3","","","","demo","","","",""
"TASK_10.20.48.4","FINISHED","","None","ping -c 1 -t 1 10.20.48.4","","","","demo","","","",""
"TASK_10.20.48.5","FINISHED","","None","ping -c 1 -t 1 10.20.48.5","","","","demo","","","",""
"TASK_10.20.48.6","FINISHED","","512","ping -c 1 -t 1 10.20.48.6","","","","demo","","","",""
"TASK_10.20.48.7","FINISHED","","None","ping -c 1 -t 1 10.20.48.7","","","","demo","","","",""
"TASK_10.20.48.8","FINISHED","","None","ping -c 1 -t 1 10.20.48.8","","","","demo","","","",""
"TASK_10.20.48.9","FINISHED","","None","ping -c 1 -t 1 10.20.48.9","","","","demo","","","",""
"TASK_10.20.48.10","FINISHED","","None","ping -c 1 -t 1 10.20.48.10","","","","demo","","","",""
"TASK_10.20.48.11","FINISHED","","None","ping -c 1 -t 1 10.20.48.11","","","","demo","","","",""
"TASK_10.20.48.12","FINISHED","","512","ping -c 1 -t 1 10.20.48.12","","","","demo","","","",""
"TASK_10.20.48.13","FINISHED","","None","ping -c 1 -t 1 10.20.48.13","","","","demo","","","",""
"TASK_10.20.48.14","FINISHED","","None","ping -c 1 -t 1 10.20.48.14","","","","demo","","","",""
"TASK_10.20.48.15","FINISHED","","None","ping -c 1 -t 1 10.20.48.15","","","","demo","","","",""
"TASK_10.20.48.16","FINISHED","","None","ping -c 1 -t 1 10.20.48.16","","","","demo","","","",""
"TASK_10.20.48.17","FINISHED","","512","ping -c 1 -t 1 10.20.48.17","","","","demo","","","",""
"TASK_10.20.48.18","FINISHED","","None","ping -c 1 -t 1 10.20.48.18","","","","demo","","","",""
"TASK_10.20.48.19","FINISHED","","None","ping -c 1 -t 1 10.20.48.19","","","","demo","","","",""
"TASK_10.20.48.20","FINISHED","","512","ping -c 1 -t 1 10.20.48.20","","","","demo","","","",""
"TASK_10.20.48.21","FINISHED","","0","ping -c 1 -t 1 10.20.48.21","","","","demo","","","",""
"TASK_10.20.48.22","FINISHED","","0","ping -c 1 -t 1 10.20.48.22","","","","demo","","","",""
"TASK_10.20.48.23","FINISHED","","None","ping -c 1 -t 1 10.20.48.23","","","","demo","","","",""
"TASK_10.20.48.24","FINISHED","","None","ping -c 1 -t 1 10.20.48.24","","","","demo","","","",""
"TASK_10.20.48.25","FINISHED","","None","ping -c 1 -t 1 10.20.48.25","","","","demo","","","",""
"TASK_10.20.48.26","FINISHED","","None","ping -c 1 -t 1 10.20.48.26","","","","demo","","","",""
"TASK_10.20.48.27","FINISHED","","None","ping -c 1 -t 1 10.20.48.27","","","","demo","","","",""
"TASK_10.20.48.28","FINISHED","","None","ping -c 1 -t 1 10.20.48.28","","","","demo","","","",""
"TASK_10.20.48.29","FINISHED","","512","ping -c 1 -t 1 10.20.48.29","","","","demo","","","",""
"TASK_10.20.48.30","FINISHED","","None","ping -c 1 -t 1 10.20.48.30","","","","demo","","","",""
"TASK_10.20.48.31","FINISHED","","None","ping -c 1 -t 1 10.20.48.31","","","","demo","","","",""
"TASK_10.20.48.32","FINISHED","","None","ping -c 1 -t 1 10.20.48.32","","","","demo","","","",""
"TASK_10.20.48.33","FINISHED","","None","ping -c 1 -t 1 10.20.48.33","","","","demo","","","",""
"TASK_10.20.48.34","FINISHED","","None","ping -c 1 -t 1 10.20.48.34","","","","demo","","","",""
"TASK_10.20.48.35","FINISHED","","None","ping -c 1 -t 1 10.20.48.35","","","","demo","","","",""
"TASK_10.20.48.36","FINISHED","","None","ping -c 1 -t 1 10.20.48.36","","","","demo","","","",""
"TASK_10.20.48.37","FINISHED","","512","ping -c 1 -t 1 10.20.48.37","","","","demo","","","",""
"TASK_10.20.48.38","FINISHED","","None","ping -c 1 -t 1 10.20.48.38","","","","demo","","","",""
"TASK_10.20.48.39","FINISHED","","None","ping -c 1 -t 1 10.20.48.39","","","","demo","","","",""
"TASK_10.20.48.40","FINISHED","","None","ping -c 1 -t 1 10.20.48.40","","","","demo","","","",""
"TASK_10.20.48.41","FINISHED","","512","ping -c 1 -t 1 10.20.48.41","","","","demo","","","",""
"TASK_10.20.48.42","FINISHED","","None","ping -c 1 -t 1 10.20.48.42","","","","demo","","","",""
"TASK_10.20.48.43","FINISHED","","None","ping -c 1 -t 1 10.20.48.43","","","","demo","","","",""
"TASK_10.20.48.44","FINISHED","","None","ping -c 1 -t 1 10.20.48.44","","","","demo","","","",""
"TASK_10.20.48.45","FINISHED","","None","ping -c 1 -t 1 10.20.48.45","","","","demo","","","",""
"TASK_10.20.48.46","FINISHED","","None","ping -c 1 -t 1 10.20.48.46","","","","demo","","","",""
"TASK_10.20.48.47","FINISHED","","None","ping -c 1 -t 1 10.20.48.47","","","","demo","","","",""
"TASK_10.20.48.48","FINISHED","","None","ping -c 1 -t 1 10.20.48.48","","","","demo","","","",""
"TASK_10.20.48.49","FINISHED","","512","ping -c 1 -t 1 10.20.48.49","","","","demo","","","",""
"TASK_10.20.48.50","FINISHED","","None","ping -c 1 -t 1 10.20.48.50","","","","demo","","","",""
"TASK_10.20.48.51","FINISHED","","None","ping -c 1 -t 1 10.20.48.51","","","","demo","","","",""
"TASK_10.20.48.52","FINISHED","","None","ping -c 1 -t 1 10.20.48.52","","","","demo","","","",""
"TASK_10.20.48.53","FINISHED","","512","ping -c 1 -t 1 10.20.48.53","","","","demo","","","",""
"TASK_10.20.48.54","FINISHED","","None","ping -c 1 -t 1 10.20.48.54","","","","demo","","","",""
"TASK_10.20.48.55","FINISHED","","None","ping -c 1 -t 1 10.20.48.55","","","","demo","","","",""
"TASK_10.20.48.56","FINISHED","","None","ping -c 1 -t 1 10.20.48.56","","","","demo","","","",""
"TASK_10.20.48.57","FINISHED","","None","ping -c 1 -t 1 10.20.48.57","","","","demo","","","",""
"TASK_10.20.48.58","FINISHED","","None","ping -c 1 -t 1 10.20.48.58","","","","demo","","","",""
"TASK_10.20.48.59","FINISHED","","None","ping -c 1 -t 1 10.20.48.59","","","","demo","","","",""
"TASK_10.20.48.60","FINISHED","","512","ping -c 1 -t 1 10.20.48.60","","","","demo","","","",""
"TASK_10.20.48.61","FINISHED","","None","ping -c 1 -t 1 10.20.48.61","","","","demo","","","",""
"TASK_10.20.48.62","FINISHED","","None","ping -c 1 -t 1 10.20.48.62","","","","demo","","","",""
"TASK_10.20.48.63","FINISHED","","None","ping -c 1 -t 1 10.20.48.63","","","","demo","","","",""
"TASK_10.20.48.64","FINISHED","","None","ping -c 1 -t 1 10.20.48.64","","","","demo","","","",""
"TASK_10.20.48.65","FINISHED","","None","ping -c 1 -t 1 10.20.48.65","","","","demo","","","",""
"TASK_10.20.48.66","FINISHED","","None","ping -c 1 -t 1 10.20.48.66","","","","demo","","","",""
"TASK_10.20.48.67","FINISHED","","None","ping -c 1 -t 1 10.20.48.67","","","","demo","","","",""
"TASK_10.20.48.68","FINISHED","","512","ping -c 1 -t 1 10.20.48.68","","","","demo","","","",""
"TASK_10.20.48.69","FINISHED","","None","ping -c 1 -t 1 10.20.48.69","","","","demo","","","",""
"TASK_10.20.48.70","FINISHED","","None","ping -c 1 -t 1 10.20.48.70","","","","demo","","","",""
"TASK_10.20.48.71","FINISHED","","None","ping -c 1 -t 1 10.20.48.71","","","","demo","","","",""
"TASK_10.20.48.72","FINISHED","","None","ping -c 1 -t 1 10.20.48.72","","","","demo","","","",""
"TASK_10.20.48.73","FINISHED","","None","ping -c 1 -t 1 10.20.48.73","","","","demo","","","",""
"TASK_10.20.48.74","FINISHED","","512","ping -c 1 -t 1 10.20.48.74","","","","demo","","","",""
"TASK_10.20.48.75","FINISHED","","None","ping -c 1 -t 1 10.20.48.75","","","","demo","","","",""
"TASK_10.20.48.76","FINISHED","","None","ping -c 1 -t 1 10.20.48.76","","","","demo","","","",""
"TASK_10.20.48.77","FINISHED","","None","ping -c 1 -t 1 10.20.48.77","","","","demo","","","",""
"TASK_10.20.48.78","FINISHED","","None","ping -c 1 -t 1 10.20.48.78","","","","demo","","","",""
"TASK_10.20.48.79","FINISHED","","None","ping -c 1 -t 1 10.20.48.79","","","","demo","","","",""
"TASK_10.20.48.80","FINISHED","","512","ping -c 1 -t 1 10.20.48.80","","","","demo","","","",""
"TASK_10.20.48.81","FINISHED","","None","ping -c 1 -t 1 10.20.48.81","","","","demo","","","",""
"TASK_10.20.48.82","FINISHED","","None","ping -c 1 -t 1 10.20.48.82","","","","demo","","","",""
"TASK_10.20.48.83","FINISHED","","None","ping -c 1 -t 1 10.20.48.83","","","","demo","","","",""
"TASK_10.20.48.84","FINISHED","","None","ping -c 1 -t 1 10.20.48.84","","","","demo","","","",""
"TASK_10.20.48.85","FINISHED","","None","ping -c 1 -t 1 10.20.48.85","","","","demo","","","",""
"TASK_10.20.48.86","FINISHED","","None","ping -c 1 -t 1 10.20.48.86","","","","demo","","","",""
"TASK_10.20.48.87","FINISHED","","512","ping -c 1 -t 1 10.20.48.87","","","","demo","","","",""
"TASK_10.20.48.88","FINISHED","","None","ping -c 1 -t 1 10.20.48.88","","","","demo","","","",""
"TASK_10.20.48.89","FINISHED","","None","ping -c 1 -t 1 10.20.48.89","","","","demo","","","",""
"TASK_10.20.48.90","FINISHED","","None","ping -c 1 -t 1 10.20.48.90","","","","demo","","","",""
"TASK_10.20.48.91","FINISHED","","None","ping -c 1 -t 1 10.20.48.91","","","","demo","","","",""
"TASK_10.20.48.92","FINISHED","","None","ping -c 1 -t 1 10.20.48.92","","","","demo","","","",""
"TASK_10.20.48.93","FINISHED","","None","ping -c 1 -t 1 10.20.48.93","","","","demo","","","",""
"TASK_10.20.48.94","FINISHED","","None","ping -c 1 -t 1 10.20.48.94","","","","demo","","","",""
"TASK_10.20.48.95","FINISHED","","512","ping -c 1 -t 1 10.20.48.95","","","","demo","","","",""
"TASK_10.20.48.96","FINISHED","","None","ping -c 1 -t 1 10.20.48.96","","","","demo","","","",""
"TASK_10.20.48.97","FINISHED","","None","ping -c 1 -t 1 10.20.48.97","","","","demo","","","",""
"TASK_10.20.48.98","FINISHED","","None","ping -c 1 -t 1 10.20.48.98","","","","demo","","","",""
"TASK_10.20.48.99","FINISHED","","None","ping -c 1 -t 1 10.20.48.99","","","","demo","","","",""
"TASK_10.20.48.100","FINISHED","","None","ping -c 1 -t 1 10.20.48.100","","","","demo","","","",""
"TASK_10.20.48.101","FINISHED","","512","ping -c 1 -t 1 10.20.48.101","","","","demo","","","",""
"TASK_10.20.48.102","FINISHED","","None","ping -c 1 -t 1 10.20.48.102","","","","demo","","","",""
"TASK_10.20.48.103","FINISHED","","None","ping -c 1 -t 1 10.20.48.103","","","","demo","","","",""
"TASK_10.20.48.104","FINISHED","","None","ping -c 1 -t 1 10.20.48.104","","","","demo","","","",""
"TASK_10.20.48.105","FINISHED","","None","ping -c 1 -t 1 10.20.48.105","","","","demo","","","",""
"TASK_10.20.48.106","FINISHED","","None","ping -c 1 -t 1 10.20.48.106","","","","demo","","","",""
"TASK_10.20.48.107","FINISHED","","None","ping -c 1 -t 1 10.20.48.107","","","","demo","","","",""
"TASK_10.20.48.108","FINISHED","","None","ping -c 1 -t 1 10.20.48.108","","","","demo","","","",""
"TASK_10.20.48.109","FINISHED","","None","ping -c 1 -t 1 10.20.48.109","","","","demo","","","",""
"TASK_10.20.48.110","FINISHED","","512","ping -c 1 -t 1 10.20.48.110","","","","demo","","","",""
"TASK_10.20.48.111","FINISHED","","None","ping -c 1 -t 1 10.20.48.111","","","","demo","","","",""
"TASK_10.20.48.112","FINISHED","","None","ping -c 1 -t 1 10.20.48.112","","","","demo","","","",""
"TASK_10.20.48.113","FINISHED","","None","ping -c 1 -t 1 10.20.48.113","","","","demo","","","",""
"TASK_10.20.48.114","FINISHED","","None","ping -c 1 -t 1 10.20.48.114","","","","demo","","","",""
"TASK_10.20.48.115","FINISHED","","None","ping -c 1 -t 1 10.20.48.115","","","","demo","","","",""
"TASK_10.20.48.116","FINISHED","","None","ping -c 1 -t 1 10.20.48.116","","","","demo","","","",""
"TASK_10.20.48.117","FINISHED","","512","ping -c 1 -t 1 10.20.48.117","","","","demo","","","",""
"TASK_10.20.48.118","FINISHED","","None","ping -c 1 -t 1 10.20.48.118","","","","demo","","","",""
"TASK_10.20.48.119","FINISHED","","None","ping -c 1 -t 1 10.20.48.119","","","","demo","","","",""
"TASK_10.20.48.120","FINISHED","","None","ping -c 1 -t 1 10.20.48.120","","","","demo","","","",""
"TASK_10.20.48.121","FINISHED","","None","ping -c 1 -t 1 10.20.48.121","","","","demo","","","",""
"TASK_10.20.48.122","FINISHED","","None","ping -c 1 -t 1 10.20.48.122","","","","demo","","","",""
"TASK_10.20.48.123","FINISHED","","None","ping -c 1 -t 1 10.20.48.123","","","","demo","","","",""
"TASK_10.20.48.124","FINISHED","","512","ping -c 1 -t 1 10.20.48.124","","","","demo","","","",""
"TASK_10.20.48.125","FINISHED","","None","ping -c 1 -t 1 10.20.48.125","","","","demo","","","",""
"TASK_10.20.48.126","FINISHED","","None","ping -c 1 -t 1 10.20.48.126","","","","demo","","","",""
"TASK_10.20.48.127","FINISHED","","None","ping -c 1 -t 1 10.20.48.127","","","","demo","","","",""
"TASK_10.20.48.128","FINISHED","","None","ping -c 1 -t 1 10.20.48.128","","","","demo","","","",""
"TASK_10.20.48.129","FINISHED","","None","ping -c 1 -t 1 10.20.48.129","","","","demo","","","",""
"TASK_10.20.48.130","FINISHED","","None","ping -c 1 -t 1 10.20.48.130","","","","demo","","","",""
"TASK_10.20.48.131","FINISHED","","None","ping -c 1 -t 1 10.20.48.131","","","","demo","","","",""
"TASK_10.20.48.132","FINISHED","","512","ping -c 1 -t 1 10.20.48.132","","","","demo","","","",""
"TASK_10.20.48.133","FINISHED","","None","ping -c 1 -t 1 10.20.48.133","","","","demo","","","",""
"TASK_10.20.48.134","FINISHED","","None","ping -c 1 -t 1 10.20.48.134","","","","demo","","","",""
"TASK_10.20.48.135","FINISHED","","None","ping -c 1 -t 1 10.20.48.135","","","","demo","","","",""
"TASK_10.20.48.136","FINISHED","","None","ping -c 1 -t 1 10.20.48.136","","","","demo","","","",""
"TASK_10.20.48.137","FINISHED","","512","ping -c 1 -t 1 10.20.48.137","","","","demo","","","",""
"TASK_10.20.48.138","FINISHED","","None","ping -c 1 -t 1 10.20.48.138","","","","demo","","","",""
"TASK_10.20.48.139","FINISHED","","None","ping -c 1 -t 1 10.20.48.139","","","","demo","","","",""
"TASK_10.20.48.140","FINISHED","","None","ping -c 1 -t 1 10.20.48.140","","","","demo","","","",""
"TASK_10.20.48.141","FINISHED","","None","ping -c 1 -t 1 10.20.48.141","","","","demo","","","",""
"TASK_10.20.48.142","FINISHED","","None","ping -c 1 -t 1 10.20.48.142","","","","demo","","","",""
"TASK_10.20.48.143","FINISHED","","None","ping -c 1 -t 1 10.20.48.143","","","","demo","","","",""
"TASK_10.20.48.144","FINISHED","","None","ping -c 1 -t 1 10.20.48.144","","","","demo","","","",""
"TASK_10.20.48.145","FINISHED","","None","ping -c 1 -t 1 10.20.48.145","","","","demo","","","",""
"TASK_10.20.48.146","FINISHED","","512","ping -c 1 -t 1 10.20.48.146","","","","demo","","","",""
"TASK_10.20.48.147","FINISHED","","None","ping -c 1 -t 1 10.20.48.147","","","","demo","","","",""
"TASK_10.20.48.148","FINISHED","","None","ping -c 1 -t 1 10.20.48.148","","","","demo","","","",""
"TASK_10.20.48.149","FINISHED","","None","ping -c 1 -t 1 10.20.48.149","","","","demo","","","",""
"TASK_10.20.48.150","FINISHED","","512","ping -c 1 -t 1 10.20.48.150","","","","demo","","","",""
"TASK_10.20.48.151","FINISHED","","None","ping -c 1 -t 1 10.20.48.151","","","","demo","","","",""
"TASK_10.20.48.152","FINISHED","","None","ping -c 1 -t 1 10.20.48.152","","","","demo","","","",""
"TASK_10.20.48.153","FINISHED","","None","ping -c 1 -t 1 10.20.48.153","","","","demo","","","",""
"TASK_10.20.48.154","FINISHED","","None","ping -c 1 -t 1 10.20.48.154","","","","demo","","","",""
"TASK_10.20.48.155","FINISHED","","None","ping -c 1 -t 1 10.20.48.155","","","","demo","","","",""
"TASK_10.20.48.156","FINISHED","","512","ping -c 1 -t 1 10.20.48.156","","","","demo","","","",""
"TASK_10.20.48.157","FINISHED","","None","ping -c 1 -t 1 10.20.48.157","","","","demo","","","",""
"TASK_10.20.48.158","FINISHED","","None","ping -c 1 -t 1 10.20.48.158","","","","demo","","","",""
"TASK_10.20.48.159","FINISHED","","None","ping -c 1 -t 1 10.20.48.159","","","","demo","","","",""
"TASK_10.20.48.160","FINISHED","","None","ping -c 1 -t 1 10.20.48.160","","","","demo","","","",""
"TASK_10.20.48.161","FINISHED","","None","ping -c 1 -t 1 10.20.48.161","","","","demo","","","",""
"TASK_10.20.48.162","FINISHED","","512","ping -c 1 -t 1 10.20.48.162","","","","demo","","","",""
"TASK_10.20.48.163","FINISHED","","None","ping -c 1 -t 1 10.20.48.163","","","","demo","","","",""
"TASK_10.20.48.164","FINISHED","","None","ping -c 1 -t 1 10.20.48.164","","","","demo","","","",""
"TASK_10.20.48.165","FINISHED","","None","ping -c 1 -t 1 10.20.48.165","","","","demo","","","",""
"TASK_10.20.48.166","FINISHED","","512","ping -c 1 -t 1 10.20.48.166","","","","demo","","","",""
"TASK_10.20.48.167","FINISHED","","None","ping -c 1 -t 1 10.20.48.167","","","","demo","","","",""
"TASK_10.20.48.168","FINISHED","","None","ping -c 1 -t 1 10.20.48.168","","","","demo","","","",""
"TASK_10.20.48.169","FINISHED","","None","ping -c 1 -t 1 10.20.48.169","","","","demo","","","",""
"TASK_10.20.48.170","FINISHED","","None","ping -c 1 -t 1 10.20.48.170","","","","demo","","","",""
"TASK_10.20.48.171","FINISHED","","None","ping -c 1 -t 1 10.20.48.171","","","","demo","","","",""
"TASK_10.20.48.172","FINISHED","","512","ping -c 1 -t 1 10.20.48.172","","","","demo","","","",""
"TASK_10.20.48.173","FINISHED","","None","ping -c 1 -t 1 10.20.48.173","","","","demo","","","",""
"TASK_10.20.48.174","FINISHED","","None","ping -c 1 -t 1 10.20.48.174","","","","demo","","","",""
"TASK_10.20.48.175","FINISHED","","None","ping -c 1 -t 1 10.20.48.175","","","","demo","","","",""
"TASK_10.20.48.176","FINISHED","","None","ping -c 1 -t 1 10.20.48.176","","","","demo","","","",""
"TASK_10.20.48.177","FINISHED","","None","ping -c 1 -t 1 10.20.48.177","","","","demo","","","",""
"TASK_10.20.48.178","FINISHED","","512","ping -c 1 -t 1 10.20.48.178","","","","demo","","","",""
"TASK_10.20.48.179","FINISHED","","None","ping -c 1 -t 1 10.20.48.179","","","","demo","","","",""
"TASK_10.20.48.180","FINISHED","","None","ping -c 1 -t 1 10.20.48.180","","","","demo","","","",""
"TASK_10.20.48.181","FINISHED","","None","ping -c 1 -t 1 10.20.48.181","","","","demo","","","",""
"TASK_10.20.48.182","FINISHED","","512","ping -c 1 -t 1 10.20.48.182","","","","demo","","","",""
"TASK_10.20.48.183","FINISHED","","None","ping -c 1 -t 1 10.20.48.183","","","","demo","","","",""
"TASK_10.20.48.184","FINISHED","","None","ping -c 1 -t 1 10.20.48.184","","","","demo","","","",""
"TASK_10.20.48.185","FINISHED","","None","ping -c 1 -t 1 10.20.48.185","","","","demo","","","",""
"TASK_10.20.48.186","FINISHED","","None","ping -c 1 -t 1 10.20.48.186","","","","demo","","","",""
"TASK_10.20.48.187","FINISHED","","None","ping -c 1 -t 1 10.20.48.187","","","","demo","","","",""
"TASK_10.20.48.188","FINISHED","","512","ping -c 1 -t 1 10.20.48.188","","","","demo","","","",""
"TASK_10.20.48.189","FINISHED","","None","ping -c 1 -t 1 10.20.48.189","","","","demo","","","",""
"TASK_10.20.48.190","FINISHED","","None","ping -c 1 -t 1 10.20.48.190","","","","demo","","","",""
"TASK_10.20.48.191","FINISHED","","None","ping -c 1 -t 1 10.20.48.191","","","","demo","","","",""
"TASK_10.20.48.192","FINISHED","","None","ping -c 1 -t 1 10.20.48.192","","","","demo","","","",""
"TASK_10.20.48.193","FINISHED","","None","ping -c 1 -t 1 10.20.48.193","","","","demo","","","",""
"TASK_10.20.48.194","FINISHED","","512","ping -c 1 -t 1 10.20.48.194","","","","demo","","","",""
"TASK_10.20.48.195","FINISHED","","None","ping -c 1 -t 1 10.20.48.195","","","","demo","","","",""
"TASK_10.20.48.196","FINISHED","","None","ping -c 1 -t 1 10.20.48.196","","","","demo","","","",""
"TASK_10.20.48.197","FINISHED","","None","ping -c 1 -t 1 10.20.48.197","","","","demo","","","",""
"TASK_10.20.48.198","FINISHED","","None","ping -c 1 -t 1 10.20.48.198","","","","demo","","","",""
"TASK_10.20.48.199","FINISHED","","512","ping -c 1 -t 1 10.20.48.199","","","","demo","","","",""
"TASK_10.20.48.200","FINISHED","","None","ping -c 1 -t 1 10.20.48.200","","","","demo","","","",""
"TASK_10.20.48.201","FINISHED","","None","ping -c 1 -t 1 10.20.48.201","","","","demo","","","",""
"TASK_10.20.48.202","FINISHED","","None","ping -c 1 -t 1 10.20.48.202","","","","demo","","","",""
"TASK_10.20.48.203","FINISHED","","512","ping -c 1 -t 1 10.20.48.203","","","","demo","","","",""
"TASK_10.20.48.204","FINISHED","","None","ping -c 1 -t 1 10.20.48.204","","","","demo","","","",""
"TASK_10.20.48.205","FINISHED","","None","ping -c 1 -t 1 10.20.48.205","","","","demo","","","",""
"TASK_10.20.48.206","FINISHED","","None","ping -c 1 -t 1 10.20.48.206","","","","demo","","","",""
"TASK_10.20.48.207","FINISHED","","None","ping -c 1 -t 1 10.20.48.207","","","","demo","","","",""
"TASK_10.20.48.208","FINISHED","","None","ping -c 1 -t 1 10.20.48.208","","","","demo","","","",""
"TASK_10.20.48.209","FINISHED","","None","ping -c 1 -t 1 10.20.48.209","","","","demo","","","",""
"TASK_10.20.48.210","FINISHED","","None","ping -c 1 -t 1 10.20.48.210","","","","demo","","","",""
"TASK_10.20.48.211","FINISHED","","None","ping -c 1 -t 1 10.20.48.211","","","","demo","","","",""
"TASK_10.20.48.212","FINISHED","","512","ping -c 1 -t 1 10.20.48.212","","","","demo","","","",""
"TASK_10.20.48.213","FINISHED","","None","ping -c 1 -t 1 10.20.48.213","","","","demo","","","",""
"TASK_10.20.48.214","FINISHED","","512","ping -c 1 -t 1 10.20.48.214","","","","demo","","","",""
"TASK_10.20.48.215","FINISHED","","None","ping -c 1 -t 1 10.20.48.215","","","","demo","","","",""
"TASK_10.20.48.216","FINISHED","","None","ping -c 1 -t 1 10.20.48.216","","","","demo","","","",""
"TASK_10.20.48.217","FINISHED","","None","ping -c 1 -t 1 10.20.48.217","","","","demo","","","",""
"TASK_10.20.48.218","FINISHED","","None","ping -c 1 -t 1 10.20.48.218","","","","demo","","","",""
"TASK_10.20.48.219","FINISHED","","None","ping -c 1 -t 1 10.20.48.219","","","","demo","","","",""
"TASK_10.20.48.220","FINISHED","","None","ping -c 1 -t 1 10.20.48.220","","","","demo","","","",""
"TASK_10.20.48.221","FINISHED","","None","ping -c 1 -t 1 10.20.48.221","","","","demo","","","",""
"TASK_10.20.48.222","FINISHED","","None","ping -c 1 -t 1 10.20.48.222","","","","demo","","","",""
"TASK_10.20.48.223","FINISHED","","512","ping -c 1 -t 1 10.20.48.223","","","","demo","","","",""
"TASK_10.20.48.224","FINISHED","","None","ping -c 1 -t 1 10.20.48.224","","","","demo","","","",""
"TASK_10.20.48.225","FINISHED","","None","ping -c 1 -t 1 10.20.48.225","","","","demo","","","",""
"TASK_10.20.48.226","FINISHED","","None","ping -c 1 -t 1 10.20.48.226","","","","demo","","","",""
"TASK_10.20.48.227","FINISHED","","None","ping -c 1 -t 1 10.20.48.227","","","","demo","","","",""
"TASK_10.20.48.228","FINISHED","","None","ping -c 1 -t 1 10.20.48.228","","","","demo","","","",""
"TASK_10.20.48.229","FINISHED","","512","ping -c 1 -t 1 10.20.48.229","","","","demo","","","",""
"TASK_10.20.48.230","FINISHED","","None","ping -c 1 -t 1 10.20.48.230","","","","demo","","","",""
"TASK_10.20.48.231","FINISHED","","None","ping -c 1 -t 1 10.20.48.231","","","","demo","","","",""
"TASK_10.20.48.232","FINISHED","","None","ping -c 1 -t 1 10.20.48.232","","","","demo","","","",""
"TASK_10.20.48.233","FINISHED","","None","ping -c 1 -t 1 10.20.48.233","","","","demo","","","",""
"TASK_10.20.48.234","FINISHED","","None","ping -c 1 -t 1 10.20.48.234","","","","demo","","","",""
"TASK_10.20.48.235","FINISHED","","512","ping -c 1 -t 1 10.20.48.235","","","","demo","","","",""
"TASK_10.20.48.236","FINISHED","","None","ping -c 1 -t 1 10.20.48.236","","","","demo","","","",""
"TASK_10.20.48.237","FINISHED","","None","ping -c 1 -t 1 10.20.48.237","","","","demo","","","",""
"TASK_10.20.48.238","FINISHED","","None","ping -c 1 -t 1 10.20.48.238","","","","demo","","","",""
"TASK_10.20.48.239","FINISHED","","None","ping -c 1 -t 1 10.20.48.239","","","","demo","","","",""
"TASK_10.20.48.240","FINISHED","","None","ping -c 1 -t 1 10.20.48.240","","","","demo","","","",""
"TASK_10.20.48.241","FINISHED","","None","ping -c 1 -t 1 10.20.48.241","","","","demo","","","",""
"TASK_10.20.48.242","FINISHED","","None","ping -c 1 -t 1 10.20.48.242","","","","demo","","","",""
"TASK_10.20.48.243","FINISHED","","512","ping -c 1 -t 1 10.20.48.243","","","","demo","","","",""
"TASK_10.20.48.244","FINISHED","","None","ping -c 1 -t 1 10.20.48.244","","","","demo","","","",""
"TASK_10.20.48.245","FINISHED","","None","ping -c 1 -t 1 10.20.48.245","","","","demo","","","",""
"TASK_10.20.48.246","FINISHED","","None","ping -c 1 -t 1 10.20.48.246","","","","demo","","","",""
"TASK_10.20.48.247","FINISHED","","512","ping -c 1 -t 1 10.20.48.247","","","","demo","","","",""
"TASK_10.20.48.248","FINISHED","","None","ping -c 1 -t 1 10.20.48.248","","","","demo","","","",""
"TASK_10.20.48.249","FINISHED","","512","ping -c 1 -t 1 10.20.48.249","","","","demo","","","",""
"TASK_10.20.48.250","FINISHED","","512","ping -c 1 -t 1 10.20.48.250","","","","demo","","","",""
"TASK_10.20.48.251","FINISHED","","512","ping -c 1 -t 1 10.20.48.251","","","","demo","","","",""
"TASK_10.20.48.252","FINISHED","","512","ping -c 1 -t 1 10.20.48.252","","","","demo","","","",""
"TASK_10.20.48.253","FINISHED","","512","ping -c 1 -t 1 10.20.48.253","","","","demo","","","",""
"TASK_10.20.48.254","FINISHED","","512","ping -c 1 -t 1 10.20.48.254","","","","demo","","","",""
"TASK_10.20.49.1","FINISHED","","512","ping -c 1 -t 1 10.20.49.1","","","","demo","","","",""
"TASK_10.20.49.2","FINISHED","","512","ping -c 1 -t 1 10.20.49.2","","","","demo","","","",""
"TASK_10.20.49.3","FINISHED","","512","ping -c 1 -t 1 10.20.49.3","","","","demo","","","",""
"TASK_10.20.49.4","FINISHED","","512","ping -c 1 -t 1 10.20.49.4","","","","demo","","","",""
"TASK_10.20.49.5","FINISHED","","512","ping -c 1 -t 1 10.20.49.5","","","","demo","","","",""
"TASK_10.20.49.6","FINISHED","","512","ping -c 1 -t 1 10.20.49.6","","","","demo","","","",""
"TASK_10.20.49.7","FINISHED","","512","ping -c 1 -t 1 10.20.49.7","","","","demo","","","",""
"TASK_10.20.49.8","FINISHED","","512","ping -c 1 -t 1 10.20.49.8","","","","demo","","","",""
"TASK_10.20.49.9","FINISHED","","None","ping -c 1 -t 1 10.20.49.9","","","","demo","","","",""
"TASK_10.20.49.10","FINISHED","","512","ping -c 1 -t 1 10.20.49.10","","","","demo","","","",""
"TASK_10.20.49.11","FINISHED","","None","ping -c 1 -t 1 10.20.49.11","","","","demo","","","",""
"TASK_10.20.49.12","FINISHED","","512","ping -c 1 -t 1 10.20.49.12","","","","demo","","","",""
"TASK_10.20.49.13","FINISHED","","None","ping -c 1 -t 1 10.20.49.13","","","","demo","","","",""
"TASK_10.20.49.14","FINISHED","","512","ping -c 1 -t 1 10.20.49.14","","","","demo","","","",""
"TASK_10.20.49.15","FINISHED","","None","ping -c 1 -t 1 10.20.49.15","","","","demo","","","",""
"TASK_10.20.49.16","FINISHED","","512","ping -c 1 -t 1 10.20.49.16","","","","demo","","","",""
"TASK_10.20.49.17","FINISHED","","None","ping -c 1 -t 1 10.20.49.17","","","","demo","","","",""
"TASK_10.20.49.18","FINISHED","","512","ping -c 1 -t 1 10.20.49.18","","","","demo","","","",""
"TASK_10.20.49.19","FINISHED","","None","ping -c 1 -t 1 10.20.49.19","","","","demo","","","",""
"TASK_10.20.49.20","FINISHED","","512","ping -c 1 -t 1 10.20.49.20","","","","demo","","","",""
"TASK_10.20.49.21","FINISHED","","None","ping -c 1 -t 1 10.20.49.21","","","","demo","","","",""
"TASK_10.20.49.22","FINISHED","","512","ping -c 1 -t 1 10.20.49.22","","","","demo","","","",""
"TASK_10.20.49.23","FINISHED","","None","ping -c 1 -t 1 10.20.49.23","","","","demo","","","",""
"TASK_10.20.49.24","FINISHED","","512","ping -c 1 -t 1 10.20.49.24","","","","demo","","","",""
"TASK_10.20.49.25","FINISHED","","None","ping -c 1 -t 1 10.20.49.25","","","","demo","","","",""
"TASK_10.20.49.26","FINISHED","","512","ping -c 1 -t 1 10.20.49.26","","","","demo","","","",""
"TASK_10.20.49.27","FINISHED","","512","ping -c 1 -t 1 10.20.49.27","","","","demo","","","",""
"TASK_10.20.49.28","FINISHED","","None","ping -c 1 -t 1 10.20.49.28","","","","demo","","","",""
"TASK_10.20.49.29","FINISHED","","512","ping -c 1 -t 1 10.20.49.29","","","","demo","","","",""
"TASK_10.20.49.30","FINISHED","","None","ping -c 1 -t 1 10.20.49.30","","","","demo","","","",""
"TASK_10.20.49.31","FINISHED","","512","ping -c 1 -t 1 10.20.49.31","","","","demo","","","",""
"TASK_10.20.49.32","FINISHED","","512","ping -c 1 -t 1 10.20.49.32","","","","demo","","","",""
"TASK_10.20.49.33","FINISHED","","None","ping -c 1 -t 1 10.20.49.33","","","","demo","","","",""
"TASK_10.20.49.34","FINISHED","","512","ping -c 1 -t 1 10.20.49.34","","","","demo","","","",""
"TASK_10.20.49.35","FINISHED","","512","ping -c 1 -t 1 10.20.49.35","","","","demo","","","",""
"TASK_10.20.49.36","FINISHED","","512","ping -c 1 -t 1 10.20.49.36","","","","demo","","","",""
"TASK_10.20.49.37","FINISHED","","None","ping -c 1 -t 1 10.20.49.37","","","","demo","","","",""
"TASK_10.20.49.38","FINISHED","","512","ping -c 1 -t 1 10.20.49.38","","","","demo","","","",""
"TASK_10.20.49.39","FINISHED","","None","ping -c 1 -t 1 10.20.49.39","","","","demo","","","",""
"TASK_10.20.49.40","FINISHED","","512","ping -c 1 -t 1 10.20.49.40","","","","demo","","","",""
"TASK_10.20.49.41","FINISHED","","None","ping -c 1 -t 1 10.20.49.41","","","","demo","","","",""
"TASK_10.20.49.42","FINISHED","","512","ping -c 1 -t 1 10.20.49.42","","","","demo","","","",""
"TASK_10.20.49.43","FINISHED","","None","ping -c 1 -t 1 10.20.49.43","","","","demo","","","",""
"TASK_10.20.49.44","FINISHED","","512","ping -c 1 -t 1 10.20.49.44","","","","demo","","","",""
"TASK_10.20.49.45","FINISHED","","None","ping -c 1 -t 1 10.20.49.45","","","","demo","","","",""
"TASK_10.20.49.46","FINISHED","","512","ping -c 1 -t 1 10.20.49.46","","","","demo","","","",""
"TASK_10.20.49.47","FINISHED","","512","ping -c 1 -t 1 10.20.49.47","","","","demo","","","",""
"TASK_10.20.49.48","FINISHED","","None","ping -c 1 -t 1 10.20.49.48","","","","demo","","","",""
"TASK_10.20.49.49","FINISHED","","None","ping -c 1 -t 1 10.20.49.49","","","","demo","","","",""
"TASK_10.20.49.50","FINISHED","","512","ping -c 1 -t 1 10.20.49.50","","","","demo","","","",""
"TASK_10.20.49.51","FINISHED","","None","ping -c 1 -t 1 10.20.49.51","","","","demo","","","",""
"TASK_10.20.49.52","FINISHED","","512","ping -c 1 -t 1 10.20.49.52","","","","demo","","","",""
"TASK_10.20.49.53","FINISHED","","None","ping -c 1 -t 1 10.20.49.53","","","","demo","","","",""
"TASK_10.20.49.54","FINISHED","","512","ping -c 1 -t 1 10.20.49.54","","","","demo","","","",""
"TASK_10.20.49.55","FINISHED","","None","ping -c 1 -t 1 10.20.49.55","","","","demo","","","",""
"TASK_10.20.49.56","FINISHED","","512","ping -c 1 -t 1 10.20.49.56","","","","demo","","","",""
"TASK_10.20.49.57","FINISHED","","None","ping -c 1 -t 1 10.20.49.57","","","","demo","","","",""
"TASK_10.20.49.58","FINISHED","","512","ping -c 1 -t 1 10.20.49.58","","","","demo","","","",""
"TASK_10.20.49.59","FINISHED","","None","ping -c 1 -t 1 10.20.49.59","","","","demo","","","",""
"TASK_10.20.49.60","FINISHED","","512","ping -c 1 -t 1 10.20.49.60","","","","demo","","","",""
"TASK_10.20.49.61","FINISHED","","None","ping -c 1 -t 1 10.20.49.61","","","","demo","","","",""
"TASK_10.20.49.62","FINISHED","","512","ping -c 1 -t 1 10.20.49.62","","","","demo","","","",""
"TASK_10.20.49.63","FINISHED","","None","ping -c 1 -t 1 10.20.49.63","","","","demo","","","",""
"TASK_10.20.49.64","FINISHED","","512","ping -c 1 -t 1 10.20.49.64","","","","demo","","","",""
"TASK_10.20.49.65","FINISHED","","None","ping -c 1 -t 1 10.20.49.65","","","","demo","","","",""
"TASK_10.20.49.66","FINISHED","","512","ping -c 1 -t 1 10.20.49.66","","","","demo","","","",""
"TASK_10.20.49.67","FINISHED","","None","ping -c 1 -t 1 10.20.49.67","","","","demo","","","",""
"TASK_10.20.49.68","FINISHED","","512","ping -c 1 -t 1 10.20.49.68","","","","demo","","","",""
"TASK_10.20.49.69","FINISHED","","None","ping -c 1 -t 1 10.20.49.69","","","","demo","","","",""
"TASK_10.20.49.70","FINISHED","","512","ping -c 1 -t 1 10.20.49.70","","","","demo","","","",""
"TASK_10.20.49.71","FINISHED","","None","ping -c 1 -t 1 10.20.49.71","","","","demo","","","",""
"TASK_10.20.49.72","FINISHED","","512","ping -c 1 -t 1 10.20.49.72","","","","demo","","","",""
"TASK_10.20.49.73","FINISHED","","None","ping -c 1 -t 1 10.20.49.73","","","","demo","","","",""
"TASK_10.20.49.74","FINISHED","","512","ping -c 1 -t 1 10.20.49.74","","","","demo","","","",""
"TASK_10.20.49.75","FINISHED","","None","ping -c 1 -t 1 10.20.49.75","","","","demo","","","",""
"TASK_10.20.49.76","FINISHED","","512","ping -c 1 -t 1 10.20.49.76","","","","demo","","","",""
"TASK_10.20.49.77","FINISHED","","None","ping -c 1 -t 1 10.20.49.77","","","","demo","","","",""
"TASK_10.20.49.78","FINISHED","","512","ping -c 1 -t 1 10.20.49.78","","","","demo","","","",""
"TASK_10.20.49.79","FINISHED","","None","ping -c 1 -t 1 10.20.49.79","","","","demo","","","",""
"TASK_10.20.49.80","FINISHED","","512","ping -c 1 -t 1 10.20.49.80","","","","demo","","","",""
"TASK_10.20.49.81","FINISHED","","None","ping -c 1 -t 1 10.20.49.81","","","","demo","","","",""
"TASK_10.20.49.82","FINISHED","","512","ping -c 1 -t 1 10.20.49.82","","","","demo","","","",""
"TASK_10.20.49.83","FINISHED","","None","ping -c 1 -t 1 10.20.49.83","","","","demo","","","",""
"TASK_10.20.49.84","FINISHED","","512","ping -c 1 -t 1 10.20.49.84","","","","demo","","","",""
"TASK_10.20.49.85","FINISHED","","None","ping -c 1 -t 1 10.20.49.85","","","","demo","","","",""
"TASK_10.20.49.86","FINISHED","","512","ping -c 1 -t 1 10.20.49.86","","","","demo","","","",""
"TASK_10.20.49.87","FINISHED","","None","ping -c 1 -t 1 10.20.49.87","","","","demo","","","",""
"TASK_10.20.49.88","FINISHED","","512","ping -c 1 -t 1 10.20.49.88","","","","demo","","","",""
"TASK_10.20.49.89","FINISHED","","None","ping -c 1 -t 1 10.20.49.89","","","","demo","","","",""
"TASK_10.20.49.90","FINISHED","","512","ping -c 1 -t 1 10.20.49.90","","","","demo","","","",""
"TASK_10.20.49.91","FINISHED","","None","ping -c 1 -t 1 10.20.49.91","","","","demo","","","",""
"TASK_10.20.49.92","FINISHED","","512","ping -c 1 -t 1 10.20.49.92","","","","demo","","","",""
"TASK_10.20.49.93","FINISHED","","None","ping -c 1 -t 1 10.20.49.93","","","","demo","","","",""
"TASK_10.20.49.94","FINISHED","","512","ping -c 1 -t 1 10.20.49.94","","","","demo","","","",""
"TASK_10.20.49.95","FINISHED","","None","ping -c 1 -t 1 10.20.49.95","","","","demo","","","",""
"TASK_10.20.49.96","FINISHED","","512","ping -c 1 -t 1 10.20.49.96","","","","demo","","","",""
"TASK_10.20.49.97","FINISHED","","None","ping -c 1 -t 1 10.20.49.97","","","","demo","","","",""
"TASK_10.20.49.98","FINISHED","","512","ping -c 1 -t 1 10.20.49.98","","","","demo","","","",""
"TASK_10.20.49.99","FINISHED","","None","ping -c 1 -t 1 10.20.49.99","","","","demo","","","",""
"TASK_10.20.49.100","FINISHED","","512","ping -c 1 -t 1 10.20.49.100","","","","demo","","","",""
"TASK_10.20.49.101","FINISHED","","None","ping -c 1 -t 1 10.20.49.101","","","","demo","","","",""
"TASK_10.20.49.102","FINISHED","","512","ping -c 1 -t 1 10.20.49.102","","","","demo","","","",""
"TASK_10.20.49.103","FINISHED","","None","ping -c 1 -t 1 10.20.49.103","","","","demo","","","",""
"TASK_10.20.49.104","FINISHED","","512","ping -c 1 -t 1 10.20.49.104","","","","demo","","","",""
"TASK_10.20.49.105","FINISHED","","None","ping -c 1 -t 1 10.20.49.105","","","","demo","","","",""
"TASK_10.20.49.106","FINISHED","","512","ping -c 1 -t 1 10.20.49.106","","","","demo","","","",""
"TASK_10.20.49.107","FINISHED","","None","ping -c 1 -t 1 10.20.49.107","","","","demo","","","",""
"TASK_10.20.49.108","FINISHED","","512","ping -c 1 -t 1 10.20.49.108","","","","demo","","","",""
"TASK_10.20.49.109","FINISHED","","None","ping -c 1 -t 1 10.20.49.109","","","","demo","","","",""
"TASK_10.20.49.110","FINISHED","","512","ping -c 1 -t 1 10.20.49.110","","","","demo","","","",""
"TASK_10.20.49.111","FINISHED","","None","ping -c 1 -t 1 10.20.49.111","","","","demo","","","",""
"TASK_10.20.49.112","FINISHED","","512","ping -c 1 -t 1 10.20.49.112","","","","demo","","","",""
"TASK_10.20.49.113","FINISHED","","None","ping -c 1 -t 1 10.20.49.113","","","","demo","","","",""
"TASK_10.20.49.114","FINISHED","","None","ping -c 1 -t 1 10.20.49.114","","","","demo","","","",""
"TASK_10.20.49.115","FINISHED","","512","ping -c 1 -t 1 10.20.49.115","","","","demo","","","",""
"TASK_10.20.49.116","FINISHED","","None","ping -c 1 -t 1 10.20.49.116","","","","demo","","","",""
"TASK_10.20.49.117","FINISHED","","None","ping -c 1 -t 1 10.20.49.117","","","","demo","","","",""
"TASK_10.20.49.118","FINISHED","","512","ping -c 1 -t 1 10.20.49.118","","","","demo","","","",""
"TASK_10.20.49.119","FINISHED","","None","ping -c 1 -t 1 10.20.49.119","","","","demo","","","",""
"TASK_10.20.49.120","FINISHED","","512","ping -c 1 -t 1 10.20.49.120","","","","demo","","","",""
"TASK_10.20.49.121","FINISHED","","None","ping -c 1 -t 1 10.20.49.121","","","","demo","","","",""
"TASK_10.20.49.122","FINISHED","","512","ping -c 1 -t 1 10.20.49.122","","","","demo","","","",""
"TASK_10.20.49.123","FINISHED","","None","ping -c 1 -t 1 10.20.49.123","","","","demo","","","",""
"TASK_10.20.49.124","FINISHED","","512","ping -c 1 -t 1 10.20.49.124","","","","demo","","","",""
"TASK_10.20.49.125","FINISHED","","None","ping -c 1 -t 1 10.20.49.125","","","","demo","","","",""
"TASK_10.20.49.126","FINISHED","","512","ping -c 1 -t 1 10.20.49.126","","","","demo","","","",""
"TASK_10.20.49.127","FINISHED","","None","ping -c 1 -t 1 10.20.49.127","","","","demo","","","",""
"TASK_10.20.49.128","FINISHED","","512","ping -c 1 -t 1 10.20.49.128","","","","demo","","","",""
"TASK_10.20.49.129","FINISHED","","None","ping -c 1 -t 1 10.20.49.129","","","","demo","","","",""
"TASK_10.20.49.130","FINISHED","","512","ping -c 1 -t 1 10.20.49.130","","","","demo","","","",""
"TASK_10.20.49.131","FINISHED","","None","ping -c 1 -t 1 10.20.49.131","","","","demo","","","",""
"TASK_10.20.49.132","FINISHED","","512","ping -c 1 -t 1 10.20.49.132","","","","demo","","","",""
"TASK_10.20.49.133","FINISHED","","None","ping -c 1 -t 1 10.20.49.133","","","","demo","","","",""
"TASK_10.20.49.134","FINISHED","","512","ping -c 1 -t 1 10.20.49.134","","","","demo","","","",""
"TASK_10.20.49.135","FINISHED","","None","ping -c 1 -t 1 10.20.49.135","","","","demo","","","",""
"TASK_10.20.49.136","FINISHED","","512","ping -c 1 -t 1 10.20.49.136","","","","demo","","","",""
"TASK_10.20.49.137","FINISHED","","None","ping -c 1 -t 1 10.20.49.137","","","","demo","","","",""
"TASK_10.20.49.138","FINISHED","","512","ping -c 1 -t 1 10.20.49.138","","","","demo","","","",""
"TASK_10.20.49.139","FINISHED","","None","ping -c 1 -t 1 10.20.49.139","","","","demo","","","",""
"TASK_10.20.49.140","FINISHED","","512","ping -c 1 -t 1 10.20.49.140","","","","demo","","","",""
"TASK_10.20.49.141","FINISHED","","None","ping -c 1 -t 1 10.20.49.141","","","","demo","","","",""
"TASK_10.20.49.142","FINISHED","","512","ping -c 1 -t 1 10.20.49.142","","","","demo","","","",""
"TASK_10.20.49.143","FINISHED","","None","ping -c 1 -t 1 10.20.49.143","","","","demo","","","",""
"TASK_10.20.49.144","FINISHED","","512","ping -c 1 -t 1 10.20.49.144","","","","demo","","","",""
"TASK_10.20.49.145","FINISHED","","None","ping -c 1 -t 1 10.20.49.145","","","","demo","","","",""
"TASK_10.20.49.146","FINISHED","","512","ping -c 1 -t 1 10.20.49.146","","","","demo","","","",""
"TASK_10.20.49.147","FINISHED","","None","ping -c 1 -t 1 10.20.49.147","","","","demo","","","",""
"TASK_10.20.49.148","FINISHED","","512","ping -c 1 -t 1 10.20.49.148","","","","demo","","","",""
"TASK_10.20.49.149","FINISHED","","None","ping -c 1 -t 1 10.20.49.149","","","","demo","","","",""
"TASK_10.20.49.150","FINISHED","","512","ping -c 1 -t 1 10.20.49.150","","","","demo","","","",""
"TASK_10.20.49.151","FINISHED","","None","ping -c 1 -t 1 10.20.49.151","","","","demo","","","",""
"TASK_10.20.49.152","FINISHED","","512","ping -c 1 -t 1 10.20.49.152","","","","demo","","","",""
"TASK_10.20.49.153","FINISHED","","None","ping -c 1 -t 1 10.20.49.153","","","","demo","","","",""
"TASK_10.20.49.154","FINISHED","","512","ping -c 1 -t 1 10.20.49.154","","","","demo","","","",""
"TASK_10.20.49.155","FINISHED","","None","ping -c 1 -t 1 10.20.49.155","","","","demo","","","",""
"TASK_10.20.49.156","FINISHED","","512","ping -c 1 -t 1 10.20.49.156","","","","demo","","","",""
"TASK_10.20.49.157","FINISHED","","None","ping -c 1 -t 1 10.20.49.157","","","","demo","","","",""
"TASK_10.20.49.158","FINISHED","","None","ping -c 1 -t 1 10.20.49.158","","","","demo","","","",""
"TASK_10.20.49.159","FINISHED","","None","ping -c 1 -t 1 10.20.49.159","","","","demo","","","",""
"TASK_10.20.49.160","FINISHED","","None","ping -c 1 -t 1 10.20.49.160","","","","demo","","","",""
"TASK_10.20.49.161","FINISHED","","None","ping -c 1 -t 1 10.20.49.161","","","","demo","","","",""
"TASK_10.20.49.162","FINISHED","","512","ping -c 1 -t 1 10.20.49.162","","","","demo","","","",""
"TASK_10.20.49.163","FINISHED","","None","ping -c 1 -t 1 10.20.49.163","","","","demo","","","",""
"TASK_10.20.49.164","FINISHED","","512","ping -c 1 -t 1 10.20.49.164","","","","demo","","","",""
"TASK_10.20.49.165","FINISHED","","None","ping -c 1 -t 1 10.20.49.165","","","","demo","","","",""
"TASK_10.20.49.166","FINISHED","","512","ping -c 1 -t 1 10.20.49.166","","","","demo","","","",""
"TASK_10.20.49.167","FINISHED","","None","ping -c 1 -t 1 10.20.49.167","","","","demo","","","",""
"TASK_10.20.49.168","FINISHED","","512","ping -c 1 -t 1 10.20.49.168","","","","demo","","","",""
"TASK_10.20.49.169","FINISHED","","None","ping -c 1 -t 1 10.20.49.169","","","","demo","","","",""
"TASK_10.20.49.170","FINISHED","","512","ping -c 1 -t 1 10.20.49.170","","","","demo","","","",""
"TASK_10.20.49.171","FINISHED","","None","ping -c 1 -t 1 10.20.49.171","","","","demo","","","",""
"TASK_10.20.49.172","FINISHED","","512","ping -c 1 -t 1 10.20.49.172","","","","demo","","","",""
"TASK_10.20.49.173","FINISHED","","512","ping -c 1 -t 1 10.20.49.173","","","","demo","","","",""
"TASK_10.20.49.174","FINISHED","","None","ping -c 1 -t 1 10.20.49.174","","","","demo","","","",""
"TASK_10.20.49.175","FINISHED","","512","ping -c 1 -t 1 10.20.49.175","","","","demo","","","",""
"TASK_10.20.49.176","FINISHED","","None","ping -c 1 -t 1 10.20.49.176","","","","demo","","","",""
"TASK_10.20.49.177","FINISHED","","None","ping -c 1 -t 1 10.20.49.177","","","","demo","","","",""
"TASK_10.20.49.178","FINISHED","","512","ping -c 1 -t 1 10.20.49.178","","","","demo","","","",""
"TASK_10.20.49.179","FINISHED","","None","ping -c 1 -t 1 10.20.49.179","","","","demo","","","",""
"TASK_10.20.49.180","FINISHED","","512","ping -c 1 -t 1 10.20.49.180","","","","demo","","","",""
"TASK_10.20.49.181","FINISHED","","None","ping -c 1 -t 1 10.20.49.181","","","","demo","","","",""
"TASK_10.20.49.182","FINISHED","","512","ping -c 1 -t 1 10.20.49.182","","","","demo","","","",""
"TASK_10.20.49.183","FINISHED","","None","ping -c 1 -t 1 10.20.49.183","","","","demo","","","",""
"TASK_10.20.49.184","FINISHED","","512","ping -c 1 -t 1 10.20.49.184","","","","demo","","","",""
"TASK_10.20.49.185","FINISHED","","None","ping -c 1 -t 1 10.20.49.185","","","","demo","","","",""
"TASK_10.20.49.186","FINISHED","","512","ping -c 1 -t 1 10.20.49.186","","","","demo","","","",""
"TASK_10.20.49.187","FINISHED","","None","ping -c 1 -t 1 10.20.49.187","","","","demo","","","",""
"TASK_10.20.49.188","FINISHED","","512","ping -c 1 -t 1 10.20.49.188","","","","demo","","","",""
"TASK_10.20.49.189","FINISHED","","None","ping -c 1 -t 1 10.20.49.189","","","","demo","","","",""
"TASK_10.20.49.190","FINISHED","","512","ping -c 1 -t 1 10.20.49.190","","","","demo","","","",""
"TASK_10.20.49.191","FINISHED","","None","ping -c 1 -t 1 10.20.49.191","","","","demo","","","",""
"TASK_10.20.49.192","FINISHED","","512","ping -c 1 -t 1 10.20.49.192","","","","demo","","","",""
"TASK_10.20.49.193","FINISHED","","None","ping -c 1 -t 1 10.20.49.193","","","","demo","","","",""
"TASK_10.20.49.194","FINISHED","","512","ping -c 1 -t 1 10.20.49.194","","","","demo","","","",""
"TASK_10.20.49.195","FINISHED","","None","ping -c 1 -t 1 10.20.49.195","","","","demo","","","",""
"TASK_10.20.49.196","FINISHED","","512","ping -c 1 -t 1 10.20.49.196","","","","demo","","","",""
"TASK_10.20.49.197","FINISHED","","None","ping -c 1 -t 1 10.20.49.197","","","","demo","","","",""
"TASK_10.20.49.198","FINISHED","","512","ping -c 1 -t 1 10.20.49.198","","","","demo","","","",""
"TASK_10.20.49.199","FINISHED","","None","ping -c 1 -t 1 10.20.49.199","","","","demo","","","",""
"TASK_10.20.49.200","FINISHED","","512","ping -c 1 -t 1 10.20.49.200","","","","demo","","","",""
"TASK_10.20.49.201","FINISHED","","None","ping -c 1 -t 1 10.20.49.201","","","","demo","","","",""
"TASK_10.20.49.202","FINISHED","","None","ping -c 1 -t 1 10.20.49.202","","","","demo","","","",""
"TASK_10.20.49.203","FINISHED","","512","ping -c 1 -t 1 10.20.49.203","","","","demo","","","",""
"TASK_10.20.49.204","FINISHED","","None","ping -c 1 -t 1 10.20.49.204","","","","demo","","","",""
"TASK_10.20.49.205","FINISHED","","None","ping -c 1 -t 1 10.20.49.205","","","","demo","","","",""
"TASK_10.20.49.206","FINISHED","","512","ping -c 1 -t 1 10.20.49.206","","","","demo","","","",""
"TASK_10.20.49.207","FINISHED","","None","ping -c 1 -t 1 10.20.49.207","","","","demo","","","",""
"TASK_10.20.49.208","FINISHED","","None","ping -c 1 -t 1 10.20.49.208","","","","demo","","","",""
"TASK_10.20.49.209","FINISHED","","None","ping -c 1 -t 1 10.20.49.209","","","","demo","","","",""
"TASK_10.20.49.210","FINISHED","","512","ping -c 1 -t 1 10.20.49.210","","","","demo","","","",""
"TASK_10.20.49.211","FINISHED","","None","ping -c 1 -t 1 10.20.49.211","","","","demo","","","",""
"TASK_10.20.49.212","FINISHED","","None","ping -c 1 -t 1 10.20.49.212","","","","demo","","","",""
"TASK_10.20.49.213","FINISHED","","None","ping -c 1 -t 1 10.20.49.213","","","","demo","","","",""
"TASK_10.20.49.214","FINISHED","","512","ping -c 1 -t 1 10.20.49.214","","","","demo","","","",""
"TASK_10.20.49.215","FINISHED","","None","ping -c 1 -t 1 10.20.49.215","","","","demo","","","",""
"TASK_10.20.49.216","FINISHED","","512","ping -c 1 -t 1 10.20.49.216","","","","demo","","","",""
"TASK_10.20.49.217","FINISHED","","None","ping -c 1 -t 1 10.20.49.217","","","","demo","","","",""
"TASK_10.20.49.218","FINISHED","","512","ping -c 1 -t 1 10.20.49.218","","","","demo","","","",""
"TASK_10.20.49.219","FINISHED","","None","ping -c 1 -t 1 10.20.49.219","","","","demo","","","",""
"TASK_10.20.49.220","FINISHED","","512","ping -c 1 -t 1 10.20.49.220","","","","demo","","","",""
"TASK_10.20.49.221","FINISHED","","None","ping -c 1 -t 1 10.20.49.221","","","","demo","","","",""
"TASK_10.20.49.222","FINISHED","","512","ping -c 1 -t 1 10.20.49.222","","","","demo","","","",""
"TASK_10.20.49.223","FINISHED","","None","ping -c 1 -t 1 10.20.49.223","","","","demo","","","",""
"TASK_10.20.49.224","FINISHED","","512","ping -c 1 -t 1 10.20.49.224","","","","demo","","","",""
"TASK_10.20.49.225","FINISHED","","None","ping -c 1 -t 1 10.20.49.225","","","","demo","","","",""
"TASK_10.20.49.226","FINISHED","","512","ping -c 1 -t 1 10.20.49.226","","","","demo","","","",""
"TASK_10.20.49.227","FINISHED","","None","ping -c 1 -t 1 10.20.49.227","","","","demo","","","",""
"TASK_10.20.49.228","FINISHED","","512","ping -c 1 -t 1 10.20.49.228","","","","demo","","","",""
"TASK_10.20.49.229","FINISHED","","None","ping -c 1 -t 1 10.20.49.229","","","","demo","","","",""
"TASK_10.20.49.230","FINISHED","","512","ping -c 1 -t 1 10.20.49.230","","","","demo","","","",""
"TASK_10.20.49.231","FINISHED","","None","ping -c 1 -t 1 10.20.49.231","","","","demo","","","",""
"TASK_10.20.49.232","FINISHED","","512","ping -c 1 -t 1 10.20.49.232","","","","demo","","","",""
"TASK_10.20.49.233","FINISHED","","None","ping -c 1 -t 1 10.20.49.233","","","","demo","","","",""
"TASK_10.20.49.234","FINISHED","","512","ping -c 1 -t 1 10.20.49.234","","","","demo","","","",""
"TASK_10.20.49.235","FINISHED","","None","ping -c 1 -t 1 10.20.49.235","","","","demo","","","",""
"TASK_10.20.49.236","FINISHED","","512","ping -c 1 -t 1 10.20.49.236","","","","demo","","","",""
"TASK_10.20.49.237","FINISHED","","None","ping -c 1 -t 1 10.20.49.237","","","","demo","","","",""
"TASK_10.20.49.238","FINISHED","","512","ping -c 1 -t 1 10.20.49.238","","","","demo","","","",""
"TASK_10.20.49.239","FINISHED","","None","ping -c 1 -t 1 10.20.49.239","","","","demo","","","",""
"TASK_10.20.49.240","FINISHED","","512","ping -c 1 -t 1 10.20.49.240","","","","demo","","","",""
"TASK_10.20.49.241","FINISHED","","None","ping -c 1 -t 1 10.20.49.241","","","","demo","","","",""
"TASK_10.20.49.242","FINISHED","","None","ping -c 1 -t 1 10.20.49.242","","","","demo","","","",""
"TASK_10.20.49.243","FINISHED","","None","ping -c 1 -t 1 10.20.49.243","","","","demo","","","",""
"TASK_10.20.49.244","FINISHED","","512","ping -c 1 -t 1 10.20.49.244","","","","demo","","","",""
"TASK_10.20.49.245","FINISHED","","None","ping -c 1 -t 1 10.20.49.245","","","","demo","","","",""
"TASK_10.20.49.246","FINISHED","","512","ping -c 1 -t 1 10.20.49.246","","","","demo","","","",""
"TASK_10.20.49.247","FINISHED","","None","ping -c 1 -t 1 10.20.49.247","","","","demo","","","",""
"TASK_10.20.49.248","FINISHED","","512","ping -c 1 -t 1 10.20.49.248","","","","demo","","","",""
"TASK_10.20.49.249","FINISHED","","None","ping -c 1 -t 1 10.20.49.249","","","","demo","","","",""
"TASK_10.20.49.250","FINISHED","","512","ping -c 1 -t 1 10.20.49.250","","","","demo","","","",""
"TASK_10.20.49.251","FINISHED","","None","ping -c 1 -t 1 10.20.49.251","","","","demo","","","",""
"TASK_10.20.49.252","FINISHED","","512","ping -c 1 -t 1 10.20.49.252","","","","demo","","","",""
"TASK_10.20.49.253","FINISHED","","None","ping -c 1 -t 1 10.20.49.253","","","","demo","","","",""
"TASK_10.20.49.254","FINISHED","","None","ping -c 1 -t 1 10.20.49.254","","","","demo","","","",""
"TASK_10.20.50.1","FINISHED","","None","ping -c 1 -t 1 10.20.50.1","","","","demo","","","",""
"TASK_10.20.50.2","FINISHED","","None","ping -c 1 -t 1 10.20.50.2","","","","demo","","","",""
"TASK_10.20.50.3","FINISHED","","None","ping -c 1 -t 1 10.20.50.3","","","","demo","","","",""
"TASK_10.20.50.4","FINISHED","","None","ping -c 1 -t 1 10.20.50.4","","","","demo","","","",""
"TASK_10.20.50.5","FINISHED","","None","ping -c 1 -t 1 10.20.50.5","","","","demo","","","",""
"TASK_10.20.50.6","FINISHED","","None","ping -c 1 -t 1 10.20.50.6","","","","demo","","","",""
"TASK_10.20.50.7","FINISHED","","512","ping -c 1 -t 1 10.20.50.7","","","","demo","","","",""
"TASK_10.20.50.8","FINISHED","","512","ping -c 1 -t 1 10.20.50.8","","","","demo","","","",""
"TASK_10.20.50.9","FINISHED","","512","ping -c 1 -t 1 10.20.50.9","","","","demo","","","",""
"TASK_10.20.50.10","FINISHED","","0","ping -c 1 -t 1 10.20.50.10","","","","demo","","","",""
"TASK_10.20.50.11","FINISHED","","0","ping -c 1 -t 1 10.20.50.11","","","","demo","","","",""
"TASK_10.20.50.12","FINISHED","","None","ping -c 1 -t 1 10.20.50.12","","","","demo","","","",""
"TASK_10.20.50.13","FINISHED","","None","ping -c 1 -t 1 10.20.50.13","","","","demo","","","",""
"TASK_10.20.50.14","FINISHED","","512","ping -c 1 -t 1 10.20.50.14","","","","demo","","","",""
"TASK_10.20.50.15","FINISHED","","None","ping -c 1 -t 1 10.20.50.15","","","","demo","","","",""
"TASK_10.20.50.16","FINISHED","","512","ping -c 1 -t 1 10.20.50.16","","","","demo","","","",""
"TASK_10.20.50.17","FINISHED","","None","ping -c 1 -t 1 10.20.50.17","","","","demo","","","",""
"TASK_10.20.50.18","FINISHED","","512","ping -c 1 -t 1 10.20.50.18","","","","demo","","","",""
"TASK_10.20.50.19","FINISHED","","None","ping -c 1 -t 1 10.20.50.19","","","","demo","","","",""
"TASK_10.20.50.20","FINISHED","","512","ping -c 1 -t 1 10.20.50.20","","","","demo","","","",""
"TASK_10.20.50.21","FINISHED","","None","ping -c 1 -t 1 10.20.50.21","","","","demo","","","",""
"TASK_10.20.50.22","FINISHED","","512","ping -c 1 -t 1 10.20.50.22","","","","demo","","","",""
"TASK_10.20.50.23","FINISHED","","None","ping -c 1 -t 1 10.20.50.23","","","","demo","","","",""
"TASK_10.20.50.24","FINISHED","","512","ping -c 1 -t 1 10.20.50.24","","","","demo","","","",""
"TASK_10.20.50.25","FINISHED","","None","ping -c 1 -t 1 10.20.50.25","","","","demo","","","",""
"TASK_10.20.50.26","FINISHED","","512","ping -c 1 -t 1 10.20.50.26","","","","demo","","","",""
"TASK_10.20.50.27","FINISHED","","None","ping -c 1 -t 1 10.20.50.27","","","","demo","","","",""
"TASK_10.20.50.28","FINISHED","","512","ping -c 1 -t 1 10.20.50.28","","","","demo","","","",""
"TASK_10.20.50.29","FINISHED","","None","ping -c 1 -t 1 10.20.50.29","","","","demo","","","",""
"TASK_10.20.50.30","FINISHED","","512","ping -c 1 -t 1 10.20.50.30","","","","demo","","","",""
"TASK_10.20.50.31","FINISHED","","None","ping -c 1 -t 1 10.20.50.31","","","","demo","","","",""
"TASK_10.20.50.32","FINISHED","","512","ping -c 1 -t 1 10.20.50.32","","","","demo","","","",""
"TASK_10.20.50.33","FINISHED","","None","ping -c 1 -t 1 10.20.50.33","","","","demo","","","",""
"TASK_10.20.50.34","FINISHED","","512","ping -c 1 -t 1 10.20.50.34","","","","demo","","","",""
"TASK_10.20.50.35","FINISHED","","None","ping -c 1 -t 1 10.20.50.35","","","","demo","","","",""
"TASK_10.20.50.36","FINISHED","","512","ping -c 1 -t 1 10.20.50.36","","","","demo","","","",""
"TASK_10.20.50.37","FINISHED","","None","ping -c 1 -t 1 10.20.50.37","","","","demo","","","",""
"TASK_10.20.50.38","FINISHED","","None","ping -c 1 -t 1 10.20.50.38","","","","demo","","","",""
"TASK_10.20.50.39","FINISHED","","512","ping -c 1 -t 1 10.20.50.39","","","","demo","","","",""
"TASK_10.20.50.40","FINISHED","","512","ping -c 1 -t 1 10.20.50.40","","","","demo","","","",""
"TASK_10.20.50.41","FINISHED","","None","ping -c 1 -t 1 10.20.50.41","","","","demo","","","",""
"TASK_10.20.50.42","FINISHED","","512","ping -c 1 -t 1 10.20.50.42","","","","demo","","","",""
"TASK_10.20.50.43","FINISHED","","None","ping -c 1 -t 1 10.20.50.43","","","","demo","","","",""
"TASK_10.20.50.44","FINISHED","","512","ping -c 1 -t 1 10.20.50.44","","","","demo","","","",""
"TASK_10.20.50.45","FINISHED","","None","ping -c 1 -t 1 10.20.50.45","","","","demo","","","",""
"TASK_10.20.50.46","FINISHED","","None","ping -c 1 -t 1 10.20.50.46","","","","demo","","","",""
"TASK_10.20.50.47","FINISHED","","512","ping -c 1 -t 1 10.20.50.47","","","","demo","","","",""
"TASK_10.20.50.48","FINISHED","","512","ping -c 1 -t 1 10.20.50.48","","","","demo","","","",""
"TASK_10.20.50.49","FINISHED","","None","ping -c 1 -t 1 10.20.50.49","","","","demo","","","",""
"TASK_10.20.50.50","FINISHED","","None","ping -c 1 -t 1 10.20.50.50","","","","demo","","","",""
"TASK_10.20.50.51","FINISHED","","None","ping -c 1 -t 1 10.20.50.51","","","","demo","","","",""
"TASK_10.20.50.52","FINISHED","","512","ping -c 1 -t 1 10.20.50.52","","","","demo","","","",""
"TASK_10.20.50.53","FINISHED","","None","ping -c 1 -t 1 10.20.50.53","","","","demo","","","",""
"TASK_10.20.50.54","FINISHED","","512","ping -c 1 -t 1 10.20.50.54","","","","demo","","","",""
"TASK_10.20.50.55","FINISHED","","512","ping -c 1 -t 1 10.20.50.55","","","","demo","","","",""
"TASK_10.20.50.56","FINISHED","","512","ping -c 1 -t 1 10.20.50.56","","","","demo","","","",""
"TASK_10.20.50.57","FINISHED","","None","ping -c 1 -t 1 10.20.50.57","","","","demo","","","",""
"TASK_10.20.50.58","FINISHED","","512","ping -c 1 -t 1 10.20.50.58","","","","demo","","","",""
"TASK_10.20.50.59","FINISHED","","None","ping -c 1 -t 1 10.20.50.59","","","","demo","","","",""
"TASK_10.20.50.60","FINISHED","","512","ping -c 1 -t 1 10.20.50.60","","","","demo","","","",""
"TASK_10.20.50.61","FINISHED","","512","ping -c 1 -t 1 10.20.50.61","","","","demo","","","",""
"TASK_10.20.50.62","FINISHED","","512","ping -c 1 -t 1 10.20.50.62","","","","demo","","","",""
"TASK_10.20.50.63","FINISHED","","None","ping -c 1 -t 1 10.20.50.63","","","","demo","","","",""
"TASK_10.20.50.64","FINISHED","","512","ping -c 1 -t 1 10.20.50.64","","","","demo","","","",""
"TASK_10.20.50.65","FINISHED","","None","ping -c 1 -t 1 10.20.50.65","","","","demo","","","",""
"TASK_10.20.50.66","FINISHED","","None","ping -c 1 -t 1 10.20.50.66","","","","demo","","","",""
"TASK_10.20.50.67","FINISHED","","512","ping -c 1 -t 1 10.20.50.67","","","","demo","","","",""
"TASK_10.20.50.68","FINISHED","","None","ping -c 1 -t 1 10.20.50.68","","","","demo","","","",""
"TASK_10.20.50.69","FINISHED","","0","ping -c 1 -t 1 10.20.50.69","","","","demo","","","",""
"TASK_10.20.50.70","FINISHED","","512","ping -c 1 -t 1 10.20.50.70","","","","demo","","","",""
"TASK_10.20.50.71","FINISHED","","None","ping -c 1 -t 1 10.20.50.71","","","","demo","","","",""
"TASK_10.20.50.72","FINISHED","","None","ping -c 1 -t 1 10.20.50.72","","","","demo","","","",""
"TASK_10.20.50.73","FINISHED","","512","ping -c 1 -t 1 10.20.50.73","","","","demo","","","",""
"TASK_10.20.50.74","FINISHED","","None","ping -c 1 -t 1 10.20.50.74","","","","demo","","","",""
"TASK_10.20.50.75","FINISHED","","512","ping -c 1 -t 1 10.20.50.75","","","","demo","","","",""
"TASK_10.20.50.76","FINISHED","","512","ping -c 1 -t 1 10.20.50.76","","","","demo","","","",""
"TASK_10.20.50.77","FINISHED","","None","ping -c 1 -t 1 10.20.50.77","","","","demo","","","",""
"TASK_10.20.50.78","FINISHED","","None","ping -c 1 -t 1 10.20.50.78","","","","demo","","","",""
"TASK_10.20.50.79","FINISHED","","None","ping -c 1 -t 1 10.20.50.79","","","","demo","","","",""
"TASK_10.20.50.80","FINISHED","","512","ping -c 1 -t 1 10.20.50.80","","","","demo","","","",""
"TASK_10.20.50.81","FINISHED","","None","ping -c 1 -t 1 10.20.50.81","","","","demo","","","",""
"TASK_10.20.50.82","FINISHED","","512","ping -c 1 -t 1 10.20.50.82","","","","demo","","","",""
"TASK_10.20.50.83","FINISHED","","None","ping -c 1 -t 1 10.20.50.83","","","","demo","","","",""
"TASK_10.20.50.84","FINISHED","","512","ping -c 1 -t 1 10.20.50.84","","","","demo","","","",""
"TASK_10.20.50.85","FINISHED","","None","ping -c 1 -t 1 10.20.50.85","","","","demo","","","",""
"TASK_10.20.50.86","FINISHED","","512","ping -c 1 -t 1 10.20.50.86","","","","demo","","","",""
"TASK_10.20.50.87","FINISHED","","None","ping -c 1 -t 1 10.20.50.87","","","","demo","","","",""
"TASK_10.20.50.88","FINISHED","","512","ping -c 1 -t 1 10.20.50.88","","","","demo","","","",""
"TASK_10.20.50.89","FINISHED","","512","ping -c 1 -t 1 10.20.50.89","","","","demo","","","",""
"TASK_10.20.50.90","FINISHED","","0","ping -c 1 -t 1 10.20.50.90","","","","demo","","","",""
"TASK_10.20.50.91","FINISHED","","512","ping -c 1 -t 1 10.20.50.91","","","","demo","","","",""
"TASK_10.20.50.92","FINISHED","","None","ping -c 1 -t 1 10.20.50.92","","","","demo","","","",""
"TASK_10.20.50.93","FINISHED","","512","ping -c 1 -t 1 10.20.50.93","","","","demo","","","",""
"TASK_10.20.50.94","FINISHED","","512","ping -c 1 -t 1 10.20.50.94","","","","demo","","","",""
"TASK_10.20.50.95","FINISHED","","512","ping -c 1 -t 1 10.20.50.95","","","","demo","","","",""
"TASK_10.20.50.96","FINISHED","","512","ping -c 1 -t 1 10.20.50.96","","","","demo","","","",""
"TASK_10.20.50.97","FINISHED","","512","ping -c 1 -t 1 10.20.50.97","","","","demo","","","",""
"TASK_10.20.50.98","FINISHED","","512","ping -c 1 -t 1 10.20.50.98","","","","demo","","","",""
"TASK_10.20.50.99","FINISHED","","512","ping -c 1 -t 1 10.20.50.99","","","","demo","","","",""
"TASK_10.20.50.100","FINISHED","","512","ping -c 1 -t 1 10.20.50.100","","","","demo","","","",""
"TASK_10.20.50.101","FINISHED","","0","ping -c 1 -t 1 10.20.50.101","","","","demo","","","",""
"TASK_10.20.50.102","FINISHED","","512","ping -c 1 -t 1 10.20.50.102","","","","demo","","","",""
"TASK_10.20.50.103","FINISHED","","0","ping -c 1 -t 1 10.20.50.103","","","","demo","","","",""
"TASK_10.20.50.104","FINISHED","","512","ping -c 1 -t 1 10.20.50.104","","","","demo","","","",""
"TASK_10.20.50.105","FINISHED","","512","ping -c 1 -t 1 10.20.50.105","","","","demo","","","",""
"TASK_10.20.50.106","FINISHED","","0","ping -c 1 -t 1 10.20.50.106","","","","demo","","","",""
"TASK_10.20.50.107","FINISHED","","512","ping -c 1 -t 1 10.20.50.107","","","","demo","","","",""
"TASK_10.20.50.108","FINISHED","","512","ping -c 1 -t 1 10.20.50.108","","","","demo","","","",""
"TASK_10.20.50.109","FINISHED","","512","ping -c 1 -t 1 10.20.50.109","","","","demo","","","",""
"TASK_10.20.50.110","FINISHED","","512","ping -c 1 -t 1 10.20.50.110","","","","demo","","","",""
"TASK_10.20.50.111","FINISHED","","512","ping -c 1 -t 1 10.20.50.111","","","","demo","","","",""
"TASK_10.20.50.112","FINISHED","","512","ping -c 1 -t 1 10.20.50.112","","","","demo","","","",""
"TASK_10.20.50.113","FINISHED","","512","ping -c 1 -t 1 10.20.50.113","","","","demo","","","",""
"TASK_10.20.50.114","FINISHED","","512","ping -c 1 -t 1 10.20.50.114","","","","demo","","","",""
"TASK_10.20.50.115","FINISHED","","512","ping -c 1 -t 1 10.20.50.115","","","","demo","","","",""
"TASK_10.20.50.116","FINISHED","","512","ping -c 1 -t 1 10.20.50.116","","","","demo","","","",""
"TASK_10.20.50.117","FINISHED","","512","ping -c 1 -t 1 10.20.50.117","","","","demo","","","",""
"TASK_10.20.50.118","FINISHED","","512","ping -c 1 -t 1 10.20.50.118","","","","demo","","","",""
"TASK_10.20.50.119","FINISHED","","512","ping -c 1 -t 1 10.20.50.119","","","","demo","","","",""
"TASK_10.20.50.120","FINISHED","","512","ping -c 1 -t 1 10.20.50.120","","","","demo","","","",""
"TASK_10.20.50.121","FINISHED","","512","ping -c 1 -t 1 10.20.50.121","","","","demo","","","",""
"TASK_10.20.50.122","FINISHED","","512","ping -c 1 -t 1 10.20.50.122","","","","demo","","","",""
"TASK_10.20.50.123","FINISHED","","512","ping -c 1 -t 1 10.20.50.123","","","","demo","","","",""
"TASK_10.20.50.124","FINISHED","","512","ping -c 1 -t 1 10.20.50.124","","","","demo","","","",""
"TASK_10.20.50.125","FINISHED","","512","ping -c 1 -t 1 10.20.50.125","","","","demo","","","",""
"TASK_10.20.50.126","FINISHED","","512","ping -c 1 -t 1 10.20.50.126","","","","demo","","","",""
"TASK_10.20.50.127","FINISHED","","512","ping -c 1 -t 1 10.20.50.127","","","","demo","","","",""
"TASK_10.20.50.128","FINISHED","","512","ping -c 1 -t 1 10.20.50.128","","","","demo","","","",""
"TASK_10.20.50.129","FINISHED","","512","ping -c 1 -t 1 10.20.50.129","","","","demo","","","",""
"TASK_10.20.50.130","FINISHED","","512","ping -c 1 -t 1 10.20.50.130","","","","demo","","","",""
"TASK_10.20.50.131","FINISHED","","512","ping -c 1 -t 1 10.20.50.131","","","","demo","","","",""
"TASK_10.20.50.132","FINISHED","","512","ping -c 1 -t 1 10.20.50.132","","","","demo","","","",""
"TASK_10.20.50.133","FINISHED","","512","ping -c 1 -t 1 10.20.50.133","","","","demo","","","",""
"TASK_10.20.50.134","FINISHED","","512","ping -c 1 -t 1 10.20.50.134","","","","demo","","","",""
"TASK_10.20.50.135","FINISHED","","512","ping -c 1 -t 1 10.20.50.135","","","","demo","","","",""
"TASK_10.20.50.136","FINISHED","","512","ping -c 1 -t 1 10.20.50.136","","","","demo","","","",""
"TASK_10.20.50.137","FINISHED","","512","ping -c 1 -t 1 10.20.50.137","","","","demo","","","",""
"TASK_10.20.50.138","FINISHED","","512","ping -c 1 -t 1 10.20.50.138","","","","demo","","","",""
"TASK_10.20.50.139","FINISHED","","512","ping -c 1 -t 1 10.20.50.139","","","","demo","","","",""
"TASK_10.20.50.140","FINISHED","","512","ping -c 1 -t 1 10.20.50.140","","","","demo","","","",""
"TASK_10.20.50.141","FINISHED","","512","ping -c 1 -t 1 10.20.50.141","","","","demo","","","",""
"TASK_10.20.50.142","FINISHED","","512","ping -c 1 -t 1 10.20.50.142","","","","demo","","","",""
"TASK_10.20.50.143","FINISHED","","512","ping -c 1 -t 1 10.20.50.143","","","","demo","","","",""
"TASK_10.20.50.144","FINISHED","","512","ping -c 1 -t 1 10.20.50.144","","","","demo","","","",""
"TASK_10.20.50.145","FINISHED","","512","ping -c 1 -t 1 10.20.50.145","","","","demo","","","",""
"TASK_10.20.50.146","FINISHED","","512","ping -c 1 -t 1 10.20.50.146","","","","demo","","","",""
"TASK_10.20.50.147","FINISHED","","512","ping -c 1 -t 1 10.20.50.147","","","","demo","","","",""
"TASK_10.20.50.148","FINISHED","","512","ping -c 1 -t 1 10.20.50.148","","","","demo","","","",""
"TASK_10.20.50.149","FINISHED","","512","ping -c 1 -t 1 10.20.50.149","","","","demo","","","",""
"TASK_10.20.50.150","FINISHED","","512","ping -c 1 -t 1 10.20.50.150","","","","demo","","","",""
"TASK_10.20.50.151","FINISHED","","512","ping -c 1 -t 1 10.20.50.151","","","","demo","","","",""
"TASK_10.20.50.152","FINISHED","","512","ping -c 1 -t 1 10.20.50.152","","","","demo","","","",""
"TASK_10.20.50.153","FINISHED","","512","ping -c 1 -t 1 10.20.50.153","","","","demo","","","",""
"TASK_10.20.50.154","FINISHED","","512","ping -c 1 -t 1 10.20.50.154","","","","demo","","","",""
"TASK_10.20.50.155","FINISHED","","512","ping -c 1 -t 1 10.20.50.155","","","","demo","","","",""
"TASK_10.20.50.156","FINISHED","","512","ping -c 1 -t 1 10.20.50.156","","","","demo","","","",""
"TASK_10.20.50.157","FINISHED","","512","ping -c 1 -t 1 10.20.50.157","","","","demo","","","",""
"TASK_10.20.50.158","FINISHED","","512","ping -c 1 -t 1 10.20.50.158","","","","demo","","","",""
"TASK_10.20.50.159","FINISHED","","512","ping -c 1 -t 1 10.20.50.159","","","","demo","","","",""
"TASK_10.20.50.160","FINISHED","","512","ping -c 1 -t 1 10.20.50.160","","","","demo","","","",""
"TASK_10.20.50.161","FINISHED","","512","ping -c 1 -t 1 10.20.50.161","","","","demo","","","",""
"TASK_10.20.50.162","FINISHED","","512","ping -c 1 -t 1 10.20.50.162","","","","demo","","","",""
"TASK_10.20.50.163","FINISHED","","512","ping -c 1 -t 1 10.20.50.163","","","","demo","","","",""
"TASK_10.20.50.164","FINISHED","","512","ping -c 1 -t 1 10.20.50.164","","","","demo","","","",""
"TASK_10.20.50.165","FINISHED","","512","ping -c 1 -t 1 10.20.50.165","","","","demo","","","",""
"TASK_10.20.50.166","FINISHED","","512","ping -c 1 -t 1 10.20.50.166","","","","demo","","","",""
"TASK_10.20.50.167","FINISHED","","512","ping -c 1 -t 1 10.20.50.167","","","","demo","","","",""
"TASK_10.20.50.168","FINISHED","","512","ping -c 1 -t 1 10.20.50.168","","","","demo","","","",""
"TASK_10.20.50.169","FINISHED","","0","ping -c 1 -t 1 10.20.50.169","","","","demo","","","",""
"TASK_10.20.50.170","FINISHED","","512","ping -c 1 -t 1 10.20.50.170","","","","demo","","","",""
"TASK_10.20.50.171","FINISHED","","512","ping -c 1 -t 1 10.20.50.171","","","","demo","","","",""
"TASK_10.20.50.172","FINISHED","","512","ping -c 1 -t 1 10.20.50.172","","","","demo","","","",""
"TASK_10.20.50.173","FINISHED","","512","ping -c 1 -t 1 10.20.50.173","","","","demo","","","",""
"TASK_10.20.50.174","FINISHED","","512","ping -c 1 -t 1 10.20.50.174","","","","demo","","","",""
"TASK_10.20.50.175","FINISHED","","512","ping -c 1 -t 1 10.20.50.175","","","","demo","","","",""
"TASK_10.20.50.176","FINISHED","","512","ping -c 1 -t 1 10.20.50.176","","","","demo","","","",""
"TASK_10.20.50.177","FINISHED","","512","ping -c 1 -t 1 10.20.50.177","","","","demo","","","",""
"TASK_10.20.50.178","FINISHED","","512","ping -c 1 -t 1 10.20.50.178","","","","demo","","","",""
"TASK_10.20.50.179","FINISHED","","512","ping -c 1 -t 1 10.20.50.179","","","","demo","","","",""
"TASK_10.20.50.180","FINISHED","","512","ping -c 1 -t 1 10.20.50.180","","","","demo","","","",""
"TASK_10.20.50.181","FINISHED","","512","ping -c 1 -t 1 10.20.50.181","","","","demo","","","",""
"TASK_10.20.50.182","FINISHED","","512","ping -c 1 -t 1 10.20.50.182","","","","demo","","","",""
"TASK_10.20.50.183","FINISHED","","512","ping -c 1 -t 1 10.20.50.183","","","","demo","","","",""
"TASK_10.20.50.184","FINISHED","","512","ping -c 1 -t 1 10.20.50.184","","","","demo","","","",""
"TASK_10.20.50.185","FINISHED","","512","ping -c 1 -t 1 10.20.50.185","","","","demo","","","",""
"TASK_10.20.50.186","FINISHED","","512","ping -c 1 -t 1 10.20.50.186","","","","demo","","","",""
"TASK_10.20.50.187","FINISHED","","512","ping -c 1 -t 1 10.20.50.187","","","","demo","","","",""
"TASK_10.20.50.188","FINISHED","","512","ping -c 1 -t 1 10.20.50.188","","","","demo","","","",""
"TASK_10.20.50.189","FINISHED","","512","ping -c 1 -t 1 10.20.50.189","","","","demo","","","",""
"TASK_10.20.50.190","FINISHED","","512","ping -c 1 -t 1 10.20.50.190","","","","demo","","","",""
"TASK_10.20.50.191","FINISHED","","512","ping -c 1 -t 1 10.20.50.191","","","","demo","","","",""
"TASK_10.20.50.192","FINISHED","","0","ping -c 1 -t 1 10.20.50.192","","","","demo","","","",""
"TASK_10.20.50.193","FINISHED","","512","ping -c 1 -t 1 10.20.50.193","","","","demo","","","",""
"TASK_10.20.50.194","FINISHED","","512","ping -c 1 -t 1 10.20.50.194","","","","demo","","","",""
"TASK_10.20.50.195","FINISHED","","512","ping -c 1 -t 1 10.20.50.195","","","","demo","","","",""
"TASK_10.20.50.196","FINISHED","","512","ping -c 1 -t 1 10.20.50.196","","","","demo","","","",""
"TASK_10.20.50.197","FINISHED","","512","ping -c 1 -t 1 10.20.50.197","","","","demo","","","",""
"TASK_10.20.50.198","FINISHED","","512","ping -c 1 -t 1 10.20.50.198","","","","demo","","","",""
"TASK_10.20.50.199","FINISHED","","512","ping -c 1 -t 1 10.20.50.199","","","","demo","","","",""
"TASK_10.20.50.200","FINISHED","","512","ping -c 1 -t 1 10.20.50.200","","","","demo","","","",""
"TASK_10.20.50.201","FINISHED","","512","ping -c 1 -t 1 10.20.50.201","","","","demo","","","",""
"TASK_10.20.50.202","FINISHED","","512","ping -c 1 -t 1 10.20.50.202","","","","demo","","","",""
"TASK_10.20.50.203","FINISHED","","512","ping -c 1 -t 1 10.20.50.203","","","","demo","","","",""
"TASK_10.20.50.204","FINISHED","","512","ping -c 1 -t 1 10.20.50.204","","","","demo","","","",""
"TASK_10.20.50.205","FINISHED","","512","ping -c 1 -t 1 10.20.50.205","","","","demo","","","",""
"TASK_10.20.50.206","FINISHED","","512","ping -c 1 -t 1 10.20.50.206","","","","demo","","","",""
"TASK_10.20.50.207","FINISHED","","512","ping -c 1 -t 1 10.20.50.207","","","","demo","","","",""
"TASK_10.20.50.208","FINISHED","","512","ping -c 1 -t 1 10.20.50.208","","","","demo","","","",""
"TASK_10.20.50.209","FINISHED","","512","ping -c 1 -t 1 10.20.50.209","","","","demo","","","",""
"TASK_10.20.50.210","FINISHED","","512","ping -c 1 -t 1 10.20.50.210","","","","demo","","","",""
"TASK_10.20.50.211","FINISHED","","512","ping -c 1 -t 1 10.20.50.211","","","","demo","","","",""
"TASK_10.20.50.212","FINISHED","","512","ping -c 1 -t 1 10.20.50.212","","","","demo","","","",""
"TASK_10.20.50.213","FINISHED","","512","ping -c 1 -t 1 10.20.50.213","","","","demo","","","",""
"TASK_10.20.50.214","FINISHED","","512","ping -c 1 -t 1 10.20.50.214","","","","demo","","","",""
"TASK_10.20.50.215","FINISHED","","512","ping -c 1 -t 1 10.20.50.215","","","","demo","","","",""
"TASK_10.20.50.216","FINISHED","","512","ping -c 1 -t 1 10.20.50.216","","","","demo","","","",""
"TASK_10.20.50.217","FINISHED","","512","ping -c 1 -t 1 10.20.50.217","","","","demo","","","",""
"TASK_10.20.50.218","FINISHED","","512","ping -c 1 -t 1 10.20.50.218","","","","demo","","","",""
"TASK_10.20.50.219","FINISHED","","512","ping -c 1 -t 1 10.20.50.219","","","","demo","","","",""
"TASK_10.20.50.220","FINISHED","","512","ping -c 1 -t 1 10.20.50.220","","","","demo","","","",""
"TASK_10.20.50.221","FINISHED","","512","ping -c 1 -t 1 10.20.50.221","","","","demo","","","",""
"TASK_10.20.50.222","FINISHED","","512","ping -c 1 -t 1 10.20.50.222","","","","demo","","","",""
"TASK_10.20.50.223","FINISHED","","512","ping -c 1 -t 1 10.20.50.223","","","","demo","","","",""
"TASK_10.20.50.224","FINISHED","","512","ping -c 1 -t 1 10.20.50.224","","","","demo","","","",""
"TASK_10.20.50.225","FINISHED","","512","ping -c 1 -t 1 10.20.50.225","","","","demo","","","",""
"TASK_10.20.50.226","FINISHED","","512","ping -c 1 -t 1 10.20.50.226","","","","demo","","","",""
"TASK_10.20.50.227","FINISHED","","512","ping -c 1 -t 1 10.20.50.227","","","","demo","","","",""
"TASK_10.20.50.228","FINISHED","","512","ping -c 1 -t 1 10.20.50.228","","","","demo","","","",""
"TASK_10.20.50.229","FINISHED","","512","ping -c 1 -t 1 10.20.50.229","","","","demo","","","",""
"TASK_10.20.50.230","FINISHED","","512","ping -c 1 -t 1 10.20.50.230","","","","demo","","","",""
"TASK_10.20.50.231","FINISHED","","512","ping -c 1 -t 1 10.20.50.231","","","","demo","","","",""
"TASK_10.20.50.232","FINISHED","","512","ping -c 1 -t 1 10.20.50.232","","","","demo","","","",""
"TASK_10.20.50.233","FINISHED","","512","ping -c 1 -t 1 10.20.50.233","","","","demo","","","",""
"TASK_10.20.50.234","FINISHED","","512","ping -c 1 -t 1 10.20.50.234","","","","demo","","","",""
"TASK_10.20.50.235","FINISHED","","512","ping -c 1 -t 1 10.20.50.235","","","","demo","","","",""
"TASK_10.20.50.236","FINISHED","","512","ping -c 1 -t 1 10.20.50.236","","","","demo","","","",""
"TASK_10.20.50.237","FINISHED","","512","ping -c 1 -t 1 10.20.50.237","","","","demo","","","",""
"TASK_10.20.50.238","FINISHED","","512","ping -c 1 -t 1 10.20.50.238","","","","demo","","","",""
"TASK_10.20.50.239","FINISHED","","512","ping -c 1 -t 1 10.20.50.239","","","","demo","","","",""
"TASK_10.20.50.240","FINISHED","","512","ping -c 1 -t 1 10.20.50.240","","","","demo","","","",""
"TASK_10.20.50.241","FINISHED","","512","ping -c 1 -t 1 10.20.50.241","","","","demo","","","",""
"TASK_10.20.50.242","FINISHED","","512","ping -c 1 -t 1 10.20.50.242","","","","demo","","","",""
"TASK_10.20.50.243","FINISHED","","512","ping -c 1 -t 1 10.20.50.243","","","","demo","","","",""
"TASK_10.20.50.244","FINISHED","","512","ping -c 1 -t 1 10.20.50.244","","","","demo","","","",""
"TASK_10.20.50.245","FINISHED","","512","ping -c 1 -t 1 10.20.50.245","","","","demo","","","",""
"TASK_10.20.50.246","FINISHED","","512","ping -c 1 -t 1 10.20.50.246","","","","demo","","","",""
"TASK_10.20.50.247","FINISHED","","512","ping -c 1 -t 1 10.20.50.247","","","","demo","","","",""
"TASK_10.20.50.248","FINISHED","","512","ping -c 1 -t 1 10.20.50.248","","","","demo","","","",""
"TASK_10.20.50.249","FINISHED","","512","ping -c 1 -t 1 10.20.50.249","","","","demo","","","",""
"TASK_10.20.50.250","FINISHED","","512","ping -c 1 -t 1 10.20.50.250","","","","demo","","","",""
"TASK_10.20.50.251","FINISHED","","512","ping -c 1 -t 1 10.20.50.251","","","","demo","","","",""
"TASK_10.20.50.252","FINISHED","","512","ping -c 1 -t 1 10.20.50.252","","","","demo","","","",""
"TASK_10.20.50.253","FINISHED","","512","ping -c 1 -t 1 10.20.50.253","","","","demo","","","",""
"TASK_10.20.50.254","FINISHED","","512","ping -c 1 -t 1 10.20.50.254","","","","demo","","","",""
"TASK_10.20.51.1","FINISHED","","0","ping -c 1 -t 1 10.20.51.1","","","","demo","","","",""
"TASK_10.20.51.2","FINISHED","","512","ping -c 1 -t 1 10.20.51.2","","","","demo","","","",""
"TASK_10.20.51.3","FINISHED","","512","ping -c 1 -t 1 10.20.51.3","","","","demo","","","",""
"TASK_10.20.51.4","FINISHED","","512","ping -c 1 -t 1 10.20.51.4","","","","demo","","","",""
"TASK_10.20.51.5","FINISHED","","512","ping -c 1 -t 1 10.20.51.5","","","","demo","","","",""
"TASK_10.20.51.6","FINISHED","","512","ping -c 1 -t 1 10.20.51.6","","","","demo","","","",""
"TASK_10.20.51.7","FINISHED","","512","ping -c 1 -t 1 10.20.51.7","","","","demo","","","",""
"TASK_10.20.51.8","FINISHED","","512","ping -c 1 -t 1 10.20.51.8","","","","demo","","","",""
"TASK_10.20.51.9","FINISHED","","512","ping -c 1 -t 1 10.20.51.9","","","","demo","","","",""
"TASK_10.20.51.10","FINISHED","","512","ping -c 1 -t 1 10.20.51.10","","","","demo","","","",""
"TASK_10.20.51.11","FINISHED","","512","ping -c 1 -t 1 10.20.51.11","","","","demo","","","",""
"TASK_10.20.51.12","FINISHED","","512","ping -c 1 -t 1 10.20.51.12","","","","demo","","","",""
"TASK_10.20.51.13","FINISHED","","512","ping -c 1 -t 1 10.20.51.13","","","","demo","","","",""
"TASK_10.20.51.14","FINISHED","","512","ping -c 1 -t 1 10.20.51.14","","","","demo","","","",""
"TASK_10.20.51.15","FINISHED","","512","ping -c 1 -t 1 10.20.51.15","","","","demo","","","",""
"TASK_10.20.51.16","FINISHED","","512","ping -c 1 -t 1 10.20.51.16","","","","demo","","","",""
"TASK_10.20.51.17","FINISHED","","512","ping -c 1 -t 1 10.20.51.17","","","","demo","","","",""
"TASK_10.20.51.18","FINISHED","","512","ping -c 1 -t 1 10.20.51.18","","","","demo","","","",""
"TASK_10.20.51.19","FINISHED","","512","ping -c 1 -t 1 10.20.51.19","","","","demo","","","",""
"TASK_10.20.51.20","FINISHED","","512","ping -c 1 -t 1 10.20.51.20","","","","demo","","","",""
"TASK_10.20.51.21","FINISHED","","512","ping -c 1 -t 1 10.20.51.21","","","","demo","","","",""
"TASK_10.20.51.22","FINISHED","","512","ping -c 1 -t 1 10.20.51.22","","","","demo","","","",""
"TASK_10.20.51.23","FINISHED","","512","ping -c 1 -t 1 10.20.51.23","","","","demo","","","",""
"TASK_10.20.51.24","FINISHED","","512","ping -c 1 -t 1 10.20.51.24","","","","demo","","","",""
"TASK_10.20.51.25","FINISHED","","512","ping -c 1 -t 1 10.20.51.25","","","","demo","","","",""
"TASK_10.20.51.26","FINISHED","","512","ping -c 1 -t 1 10.20.51.26","","","","demo","","","",""
"TASK_10.20.51.27","FINISHED","","512","ping -c 1 -t 1 10.20.51.27","","","","demo","","","",""
"TASK_10.20.51.28","FINISHED","","512","ping -c 1 -t 1 10.20.51.28","","","","demo","","","",""
"TASK_10.20.51.29","FINISHED","","512","ping -c 1 -t 1 10.20.51.29","","","","demo","","","",""
"TASK_10.20.51.30","FINISHED","","512","ping -c 1 -t 1 10.20.51.30","","","","demo","","","",""
"TASK_10.20.51.31","FINISHED","","512","ping -c 1 -t 1 10.20.51.31","","","","demo","","","",""
"TASK_10.20.51.32","FINISHED","","512","ping -c 1 -t 1 10.20.51.32","","","","demo","","","",""
"TASK_10.20.51.33","FINISHED","","512","ping -c 1 -t 1 10.20.51.33","","","","demo","","","",""
"TASK_10.20.51.34","FINISHED","","512","ping -c 1 -t 1 10.20.51.34","","","","demo","","","",""
"TASK_10.20.51.35","FINISHED","","512","ping -c 1 -t 1 10.20.51.35","","","","demo","","","",""
"TASK_10.20.51.36","FINISHED","","512","ping -c 1 -t 1 10.20.51.36","","","","demo","","","",""
"TASK_10.20.51.37","FINISHED","","512","ping -c 1 -t 1 10.20.51.37","","","","demo","","","",""
"TASK_10.20.51.38","FINISHED","","512","ping -c 1 -t 1 10.20.51.38","","","","demo","","","",""
"TASK_10.20.51.39","FINISHED","","512","ping -c 1 -t 1 10.20.51.39","","","","demo","","","",""
"TASK_10.20.51.40","FINISHED","","512","ping -c 1 -t 1 10.20.51.40","","","","demo","","","",""
"TASK_10.20.51.41","FINISHED","","512","ping -c 1 -t 1 10.20.51.41","","","","demo","","","",""
"TASK_10.20.51.42","FINISHED","","512","ping -c 1 -t 1 10.20.51.42","","","","demo","","","",""
"TASK_10.20.51.43","FINISHED","","512","ping -c 1 -t 1 10.20.51.43","","","","demo","","","",""
"TASK_10.20.51.44","FINISHED","","512","ping -c 1 -t 1 10.20.51.44","","","","demo","","","",""
"TASK_10.20.51.45","FINISHED","","512","ping -c 1 -t 1 10.20.51.45","","","","demo","","","",""
"TASK_10.20.51.46","FINISHED","","512","ping -c 1 -t 1 10.20.51.46","","","","demo","","","",""
"TASK_10.20.51.47","FINISHED","","512","ping -c 1 -t 1 10.20.51.47","","","","demo","","","",""
"TASK_10.20.51.48","FINISHED","","512","ping -c 1 -t 1 10.20.51.48","","","","demo","","","",""
"TASK_10.20.51.49","FINISHED","","512","ping -c 1 -t 1 10.20.51.49","","","","demo","","","",""
"TASK_10.20.51.50","FINISHED","","512","ping -c 1 -t 1 10.20.51.50","","","","demo","","","",""
"TASK_10.20.51.51","FINISHED","","512","ping -c 1 -t 1 10.20.51.51","","","","demo","","","",""
"TASK_10.20.51.52","FINISHED","","512","ping -c 1 -t 1 10.20.51.52","","","","demo","","","",""
"TASK_10.20.51.53","FINISHED","","512","ping -c 1 -t 1 10.20.51.53","","","","demo","","","",""
"TASK_10.20.51.54","FINISHED","","512","ping -c 1 -t 1 10.20.51.54","","","","demo","","","",""
"TASK_10.20.51.55","FINISHED","","512","ping -c 1 -t 1 10.20.51.55","","","","demo","","","",""
"TASK_10.20.51.56","FINISHED","","512","ping -c 1 -t 1 10.20.51.56","","","","demo","","","",""
"TASK_10.20.51.57","FINISHED","","512","ping -c 1 -t 1 10.20.51.57","","","","demo","","","",""
"TASK_10.20.51.58","FINISHED","","512","ping -c 1 -t 1 10.20.51.58","","","","demo","","","",""
"TASK_10.20.51.59","FINISHED","","512","ping -c 1 -t 1 10.20.51.59","","","","demo","","","",""
"TASK_10.20.51.60","FINISHED","","512","ping -c 1 -t 1 10.20.51.60","","","","demo","","","",""
"TASK_10.20.51.61","FINISHED","","512","ping -c 1 -t 1 10.20.51.61","","","","demo","","","",""
"TASK_10.20.51.62","FINISHED","","512","ping -c 1 -t 1 10.20.51.62","","","","demo","","","",""
"TASK_10.20.51.63","FINISHED","","512","ping -c 1 -t 1 10.20.51.63","","","","demo","","","",""
"TASK_10.20.51.64","FINISHED","","512","ping -c 1 -t 1 10.20.51.64","","","","demo","","","",""
"TASK_10.20.51.65","FINISHED","","512","ping -c 1 -t 1 10.20.51.65","","","","demo","","","",""
"TASK_10.20.51.66","FINISHED","","512","ping -c 1 -t 1 10.20.51.66","","","","demo","","","",""
"TASK_10.20.51.67","FINISHED","","512","ping -c 1 -t 1 10.20.51.67","","","","demo","","","",""
"TASK_10.20.51.68","FINISHED","","512","ping -c 1 -t 1 10.20.51.68","","","","demo","","","",""
"TASK_10.20.51.69","FINISHED","","512","ping -c 1 -t 1 10.20.51.69","","","","demo","","","",""
"TASK_10.20.51.70","FINISHED","","512","ping -c 1 -t 1 10.20.51.70","","","","demo","","","",""
"TASK_10.20.51.71","FINISHED","","512","ping -c 1 -t 1 10.20.51.71","","","","demo","","","",""
"TASK_10.20.51.72","FINISHED","","512","ping -c 1 -t 1 10.20.51.72","","","","demo","","","",""
"TASK_10.20.51.73","FINISHED","","512","ping -c 1 -t 1 10.20.51.73","","","","demo","","","",""
"TASK_10.20.51.74","FINISHED","","512","ping -c 1 -t 1 10.20.51.74","","","","demo","","","",""
"TASK_10.20.51.75","FINISHED","","512","ping -c 1 -t 1 10.20.51.75","","","","demo","","","",""
"TASK_10.20.51.76","FINISHED","","512","ping -c 1 -t 1 10.20.51.76","","","","demo","","","",""
"TASK_10.20.51.77","FINISHED","","512","ping -c 1 -t 1 10.20.51.77","","","","demo","","","",""
"TASK_10.20.51.78","FINISHED","","512","ping -c 1 -t 1 10.20.51.78","","","","demo","","","",""
"TASK_10.20.51.79","FINISHED","","512","ping -c 1 -t 1 10.20.51.79","","","","demo","","","",""
"TASK_10.20.51.80","FINISHED","","512","ping -c 1 -t 1 10.20.51.80","","","","demo","","","",""
"TASK_10.20.51.81","FINISHED","","512","ping -c 1 -t 1 10.20.51.81","","","","demo","","","",""
"TASK_10.20.51.82","FINISHED","","512","ping -c 1 -t 1 10.20.51.82","","","","demo","","","",""
"TASK_10.20.51.83","FINISHED","","512","ping -c 1 -t 1 10.20.51.83","","","","demo","","","",""
"TASK_10.20.51.84","FINISHED","","512","ping -c 1 -t 1 10.20.51.84","","","","demo","","","",""
"TASK_10.20.51.85","FINISHED","","512","ping -c 1 -t 1 10.20.51.85","","","","demo","","","",""
"TASK_10.20.51.86","FINISHED","","512","ping -c 1 -t 1 10.20.51.86","","","","demo","","","",""
"TASK_10.20.51.87","FINISHED","","512","ping -c 1 -t 1 10.20.51.87","","","","demo","","","",""
"TASK_10.20.51.88","FINISHED","","512","ping -c 1 -t 1 10.20.51.88","","","","demo","","","",""
"TASK_10.20.51.89","FINISHED","","512","ping -c 1 -t 1 10.20.51.89","","","","demo","","","",""
"TASK_10.20.51.90","FINISHED","","512","ping -c 1 -t 1 10.20.51.90","","","","demo","","","",""
"TASK_10.20.51.91","FINISHED","","512","ping -c 1 -t 1 10.20.51.91","","","","demo","","","",""
"TASK_10.20.51.92","FINISHED","","512","ping -c 1 -t 1 10.20.51.92","","","","demo","","","",""
"TASK_10.20.51.93","FINISHED","","512","ping -c 1 -t 1 10.20.51.93","","","","demo","","","",""
"TASK_10.20.51.94","FINISHED","","512","ping -c 1 -t 1 10.20.51.94","","","","demo","","","",""
"TASK_10.20.51.95","FINISHED","","512","ping -c 1 -t 1 10.20.51.95","","","","demo","","","",""
"TASK_10.20.51.96","FINISHED","","512","ping -c 1 -t 1 10.20.51.96","","","","demo","","","",""
"TASK_10.20.51.97","FINISHED","","512","ping -c 1 -t 1 10.20.51.97","","","","demo","","","",""
"TASK_10.20.51.98","FINISHED","","512","ping -c 1 -t 1 10.20.51.98","","","","demo","","","",""
"TASK_10.20.51.99","FINISHED","","512","ping -c 1 -t 1 10.20.51.99","","","","demo","","","",""
"TASK_10.20.51.100","FINISHED","","512","ping -c 1 -t 1 10.20.51.100","","","","demo","","","",""
"TASK_10.20.51.101","FINISHED","","512","ping -c 1 -t 1 10.20.51.101","","","","demo","","","",""
"TASK_10.20.51.102","FINISHED","","512","ping -c 1 -t 1 10.20.51.102","","","","demo","","","",""
"TASK_10.20.51.103","FINISHED","","512","ping -c 1 -t 1 10.20.51.103","","","","demo","","","",""
"TASK_10.20.51.104","FINISHED","","512","ping -c 1 -t 1 10.20.51.104","","","","demo","","","",""
"TASK_10.20.51.105","FINISHED","","512","ping -c 1 -t 1 10.20.51.105","","","","demo","","","",""
"TASK_10.20.51.106","FINISHED","","512","ping -c 1 -t 1 10.20.51.106","","","","demo","","","",""
"TASK_10.20.51.107","FINISHED","","512","ping -c 1 -t 1 10.20.51.107","","","","demo","","","",""
"TASK_10.20.51.108","FINISHED","","512","ping -c 1 -t 1 10.20.51.108","","","","demo","","","",""
"TASK_10.20.51.109","FINISHED","","512","ping -c 1 -t 1 10.20.51.109","","","","demo","","","",""
"TASK_10.20.51.110","FINISHED","","512","ping -c 1 -t 1 10.20.51.110","","","","demo","","","",""
"TASK_10.20.51.111","FINISHED","","512","ping -c 1 -t 1 10.20.51.111","","","","demo","","","",""
"TASK_10.20.51.112","FINISHED","","512","ping -c 1 -t 1 10.20.51.112","","","","demo","","","",""
"TASK_10.20.51.113","FINISHED","","512","ping -c 1 -t 1 10.20.51.113","","","","demo","","","",""
"TASK_10.20.51.114","FINISHED","","512","ping -c 1 -t 1 10.20.51.114","","","","demo","","","",""
"TASK_10.20.51.115","FINISHED","","512","ping -c 1 -t 1 10.20.51.115","","","","demo","","","",""
"TASK_10.20.51.116","FINISHED","","512","ping -c 1 -t 1 10.20.51.116","","","","demo","","","",""
"TASK_10.20.51.117","FINISHED","","512","ping -c 1 -t 1 10.20.51.117","","","","demo","","","",""
"TASK_10.20.51.118","FINISHED","","512","ping -c 1 -t 1 10.20.51.118","","","","demo","","","",""
"TASK_10.20.51.119","FINISHED","","512","ping -c 1 -t 1 10.20.51.119","","","","demo","","","",""
"TASK_10.20.51.120","FINISHED","","512","ping -c 1 -t 1 10.20.51.120","","","","demo","","","",""
"TASK_10.20.51.121","FINISHED","","512","ping -c 1 -t 1 10.20.51.121","","","","demo","","","",""
"TASK_10.20.51.122","FINISHED","","512","ping -c 1 -t 1 10.20.51.122","","","","demo","","","",""
"TASK_10.20.51.123","FINISHED","","512","ping -c 1 -t 1 10.20.51.123","","","","demo","","","",""
"TASK_10.20.51.124","FINISHED","","512","ping -c 1 -t 1 10.20.51.124","","","","demo","","","",""
"TASK_10.20.51.125","FINISHED","","512","ping -c 1 -t 1 10.20.51.125","","","","demo","","","",""
"TASK_10.20.51.126","FINISHED","","512","ping -c 1 -t 1 10.20.51.126","","","","demo","","","",""
"TASK_10.20.51.127","FINISHED","","512","ping -c 1 -t 1 10.20.51.127","","","","demo","","","",""
"TASK_10.20.51.128","FINISHED","","512","ping -c 1 -t 1 10.20.51.128","","","","demo","","","",""
"TASK_10.20.51.129","FINISHED","","512","ping -c 1 -t 1 10.20.51.129","","","","demo","","","",""
"TASK_10.20.51.130","FINISHED","","512","ping -c 1 -t 1 10.20.51.130","","","","demo","","","",""
"TASK_10.20.51.131","FINISHED","","512","ping -c 1 -t 1 10.20.51.131","","","","demo","","","",""
"TASK_10.20.51.132","FINISHED","","512","ping -c 1 -t 1 10.20.51.132","","","","demo","","","",""
"TASK_10.20.51.133","FINISHED","","512","ping -c 1 -t 1 10.20.51.133","","","","demo","","","",""
"TASK_10.20.51.134","FINISHED","","512","ping -c 1 -t 1 10.20.51.134","","","","demo","","","",""
"TASK_10.20.51.135","FINISHED","","512","ping -c 1 -t 1 10.20.51.135","","","","demo","","","",""
"TASK_10.20.51.136","FINISHED","","512","ping -c 1 -t 1 10.20.51.136","","","","demo","","","",""
"TASK_10.20.51.137","FINISHED","","512","ping -c 1 -t 1 10.20.51.137","","","","demo","","","",""
"TASK_10.20.51.138","FINISHED","","512","ping -c 1 -t 1 10.20.51.138","","","","demo","","","",""
"TASK_10.20.51.139","FINISHED","","512","ping -c 1 -t 1 10.20.51.139","","","","demo","","","",""
"TASK_10.20.51.140","FINISHED","","512","ping -c 1 -t 1 10.20.51.140","","","","demo","","","",""
"TASK_10.20.51.141","FINISHED","","512","ping -c 1 -t 1 10.20.51.141","","","","demo","","","",""
"TASK_10.20.51.142","FINISHED","","512","ping -c 1 -t 1 10.20.51.142","","","","demo","","","",""
"TASK_10.20.51.143","FINISHED","","512","ping -c 1 -t 1 10.20.51.143","","","","demo","","","",""
"TASK_10.20.51.144","FINISHED","","512","ping -c 1 -t 1 10.20.51.144","","","","demo","","","",""
"TASK_10.20.51.145","FINISHED","","512","ping -c 1 -t 1 10.20.51.145","","","","demo","","","",""
"TASK_10.20.51.146","FINISHED","","512","ping -c 1 -t 1 10.20.51.146","","","","demo","","","",""
"TASK_10.20.51.147","FINISHED","","512","ping -c 1 -t 1 10.20.51.147","","","","demo","","","",""
"TASK_10.20.51.148","FINISHED","","512","ping -c 1 -t 1 10.20.51.148","","","","demo","","","",""
"TASK_10.20.51.149","FINISHED","","512","ping -c 1 -t 1 10.20.51.149","","","","demo","","","",""
"TASK_10.20.51.150","FINISHED","","512","ping -c 1 -t 1 10.20.51.150","","","","demo","","","",""
"TASK_10.20.51.151","FINISHED","","512","ping -c 1 -t 1 10.20.51.151","","","","demo","","","",""
"TASK_10.20.51.152","FINISHED","","512","ping -c 1 -t 1 10.20.51.152","","","","demo","","","",""
"TASK_10.20.51.153","FINISHED","","512","ping -c 1 -t 1 10.20.51.153","","","","demo","","","",""
"TASK_10.20.51.154","FINISHED","","512","ping -c 1 -t 1 10.20.51.154","","","","demo","","","",""
"TASK_10.20.51.155","FINISHED","","512","ping -c 1 -t 1 10.20.51.155","","","","demo","","","",""
"TASK_10.20.51.156","FINISHED","","512","ping -c 1 -t 1 10.20.51.156","","","","demo","","","",""
"TASK_10.20.51.157","FINISHED","","512","ping -c 1 -t 1 10.20.51.157","","","","demo","","","",""
"TASK_10.20.51.158","FINISHED","","512","ping -c 1 -t 1 10.20.51.158","","","","demo","","","",""
"TASK_10.20.51.159","FINISHED","","512","ping -c 1 -t 1 10.20.51.159","","","","demo","","","",""
"TASK_10.20.51.160","FINISHED","","512","ping -c 1 -t 1 10.20.51.160","","","","demo","","","",""
"TASK_10.20.51.161","FINISHED","","512","ping -c 1 -t 1 10.20.51.161","","","","demo","","","",""
"TASK_10.20.51.162","FINISHED","","512","ping -c 1 -t 1 10.20.51.162","","","","demo","","","",""
"TASK_10.20.51.163","FINISHED","","512","ping -c 1 -t 1 10.20.51.163","","","","demo","","","",""
"TASK_10.20.51.164","FINISHED","","512","ping -c 1 -t 1 10.20.51.164","","","","demo","","","",""
"TASK_10.20.51.165","FINISHED","","512","ping -c 1 -t 1 10.20.51.165","","","","demo","","","",""
"TASK_10.20.51.166","FINISHED","","512","ping -c 1 -t 1 10.20.51.166","","","","demo","","","",""
"TASK_10.20.51.167","FINISHED","","512","ping -c 1 -t 1 10.20.51.167","","","","demo","","","",""
"TASK_10.20.51.168","FINISHED","","512","ping -c 1 -t 1 10.20.51.168","","","","demo","","","",""
"TASK_10.20.51.169","FINISHED","","512","ping -c 1 -t 1 10.20.51.169","","","","demo","","","",""
"TASK_10.20.51.170","FINISHED","","512","ping -c 1 -t 1 10.20.51.170","","","","demo","","","",""
"TASK_10.20.51.171","FINISHED","","512","ping -c 1 -t 1 10.20.51.171","","","","demo","","","",""
"TASK_10.20.51.172","FINISHED","","512","ping -c 1 -t 1 10.20.51.172","","","","demo","","","",""
"TASK_10.20.51.173","FINISHED","","512","ping -c 1 -t 1 10.20.51.173","","","","demo","","","",""
"TASK_10.20.51.174","FINISHED","","512","ping -c 1 -t 1 10.20.51.174","","","","demo","","","",""
"TASK_10.20.51.175","FINISHED","","512","ping -c 1 -t 1 10.20.51.175","","","","demo","","","",""
"TASK_10.20.51.176","FINISHED","","512","ping -c 1 -t 1 10.20.51.176","","","","demo","","","",""
"TASK_10.20.51.177","FINISHED","","512","ping -c 1 -t 1 10.20.51.177","","","","demo","","","",""
"TASK_10.20.51.178","FINISHED","","512","ping -c 1 -t 1 10.20.51.178","","","","demo","","","",""
"TASK_10.20.51.179","FINISHED","","512","ping -c 1 -t 1 10.20.51.179","","","","demo","","","",""
"TASK_10.20.51.180","FINISHED","","512","ping -c 1 -t 1 10.20.51.180","","","","demo","","","",""
"TASK_10.20.51.181","FINISHED","","512","ping -c 1 -t 1 10.20.51.181","","","","demo","","","",""
"TASK_10.20.51.182","FINISHED","","512","ping -c 1 -t 1 10.20.51.182","","","","demo","","","",""
"TASK_10.20.51.183","FINISHED","","512","ping -c 1 -t 1 10.20.51.183","","","","demo","","","",""
"TASK_10.20.51.184","FINISHED","","512","ping -c 1 -t 1 10.20.51.184","","","","demo","","","",""
"TASK_10.20.51.185","FINISHED","","512","ping -c 1 -t 1 10.20.51.185","","","","demo","","","",""
"TASK_10.20.51.186","FINISHED","","512","ping -c 1 -t 1 10.20.51.186","","","","demo","","","",""
"TASK_10.20.51.187","FINISHED","","512","ping -c 1 -t 1 10.20.51.187","","","","demo","","","",""
"TASK_10.20.51.188","FINISHED","","512","ping -c 1 -t 1 10.20.51.188","","","","demo","","","",""
"TASK_10.20.51.189","FINISHED","","512","ping -c 1 -t 1 10.20.51.189","","","","demo","","","",""
"TASK_10.20.51.190","FINISHED","","512","ping -c 1 -t 1 10.20.51.190","","","","demo","","","",""
"TASK_10.20.51.191","FINISHED","","512","ping -c 1 -t 1 10.20.51.191","","","","demo","","","",""
"TASK_10.20.51.192","FINISHED","","512","ping -c 1 -t 1 10.20.51.192","","","","demo","","","",""
"TASK_10.20.51.193","FINISHED","","512","ping -c 1 -t 1 10.20.51.193","","","","demo","","","",""
"TASK_10.20.51.194","FINISHED","","512","ping -c 1 -t 1 10.20.51.194","","","","demo","","","",""
"TASK_10.20.51.195","FINISHED","","512","ping -c 1 -t 1 10.20.51.195","","","","demo","","","",""
"TASK_10.20.51.196","FINISHED","","512","ping -c 1 -t 1 10.20.51.196","","","","demo","","","",""
"TASK_10.20.51.197","FINISHED","","512","ping -c 1 -t 1 10.20.51.197","","","","demo","","","",""
"TASK_10.20.51.198","FINISHED","","512","ping -c 1 -t 1 10.20.51.198","","","","demo","","","",""
"TASK_10.20.51.199","FINISHED","","512","ping -c 1 -t 1 10.20.51.199","","","","demo","","","",""
"TASK_10.20.51.200","FINISHED","","512","ping -c 1 -t 1 10.20.51.200","","","","demo","","","",""
"TASK_10.20.51.201","FINISHED","","0","ping -c 1 -t 1 10.20.51.201","","","","demo","","","",""
"TASK_10.20.51.202","FINISHED","","0","ping -c 1 -t 1 10.20.51.202","","","","demo","","","",""
"TASK_10.20.51.203","FINISHED","","512","ping -c 1 -t 1 10.20.51.203","","","","demo","","","",""
"TASK_10.20.51.204","FINISHED","","512","ping -c 1 -t 1 10.20.51.204","","","","demo","","","",""
"TASK_10.20.51.205","FINISHED","","512","ping -c 1 -t 1 10.20.51.205","","","","demo","","","",""
"TASK_10.20.51.206","FINISHED","","512","ping -c 1 -t 1 10.20.51.206","","","","demo","","","",""
"TASK_10.20.51.207","FINISHED","","512","ping -c 1 -t 1 10.20.51.207","","","","demo","","","",""
"TASK_10.20.51.208","FINISHED","","512","ping -c 1 -t 1 10.20.51.208","","","","demo","","","",""
"TASK_10.20.51.209","FINISHED","","512","ping -c 1 -t 1 10.20.51.209","","","","demo","","","",""
"TASK_10.20.51.210","FINISHED","","512","ping -c 1 -t 1 10.20.51.210","","","","demo","","","",""
"TASK_10.20.51.211","FINISHED","","512","ping -c 1 -t 1 10.20.51.211","","","","demo","","","",""
"TASK_10.20.51.212","FINISHED","","512","ping -c 1 -t 1 10.20.51.212","","","","demo","","","",""
"TASK_10.20.51.213","FINISHED","","512","ping -c 1 -t 1 10.20.51.213","","","","demo","","","",""
"TASK_10.20.51.214","FINISHED","","512","ping -c 1 -t 1 10.20.51.214","","","","demo","","","",""
"TASK_10.20.51.215","FINISHED","","512","ping -c 1 -t 1 10.20.51.215","","","","demo","","","",""
"TASK_10.20.51.216","FINISHED","","512","ping -c 1 -t 1 10.20.51.216","","","","demo","","","",""
"TASK_10.20.51.217","FINISHED","","512","ping -c 1 -t 1 10.20.51.217","","","","demo","","","",""
"TASK_10.20.51.218","FINISHED","","512","ping -c 1 -t 1 10.20.51.218","","","","demo","","","",""
"TASK_10.20.51.219","FINISHED","","512","ping -c 1 -t 1 10.20.51.219","","","","demo","","","",""
"TASK_10.20.51.220","FINISHED","","512","ping -c 1 -t 1 10.20.51.220","","","","demo","","","",""
"TASK_10.20.51.221","FINISHED","","512","ping -c 1 -t 1 10.20.51.221","","","","demo","","","",""
"TASK_10.20.51.222","FINISHED","","512","ping -c 1 -t 1 10.20.51.222","","","","demo","","","",""
"TASK_10.20.51.223","FINISHED","","512","ping -c 1 -t 1 10.20.51.223","","","","demo","","","",""
"TASK_10.20.51.224","FINISHED","","512","ping -c 1 -t 1 10.20.51.224","","","","demo","","","",""
"TASK_10.20.51.225","FINISHED","","512","ping -c 1 -t 1 10.20.51.225","","","","demo","","","",""
"TASK_10.20.51.226","FINISHED","","512","ping -c 1 -t 1 10.20.51.226","","","","demo","","","",""
"TASK_10.20.51.227","FINISHED","","512","ping -c 1 -t 1 10.20.51.227","","","","demo","","","",""
"TASK_10.20.51.228","FINISHED","","512","ping -c 1 -t 1 10.20.51.228","","","","demo","","","",""
"TASK_10.20.51.229","FINISHED","","512","ping -c 1 -t 1 10.20.51.229","","","","demo","","","",""
"TASK_10.20.51.230","FINISHED","","512","ping -c 1 -t 1 10.20.51.230","","","","demo","","","",""
"TASK_10.20.51.231","FINISHED","","512","ping -c 1 -t 1 10.20.51.231","","","","demo","","","",""
"TASK_10.20.51.232","FINISHED","","512","ping -c 1 -t 1 10.20.51.232","","","","demo","","","",""
"TASK_10.20.51.233","FINISHED","","512","ping -c 1 -t 1 10.20.51.233","","","","demo","","","",""
"TASK_10.20.51.234","FINISHED","","512","ping -c 1 -t 1 10.20.51.234","","","","demo","","","",""
"TASK_10.20.51.235","FINISHED","","512","ping -c 1 -t 1 10.20.51.235","","","","demo","","","",""
"TASK_10.20.51.236","FINISHED","","512","ping -c 1 -t 1 10.20.51.236","","","","demo","","","",""
"TASK_10.20.51.237","FINISHED","","512","ping -c 1 -t 1 10.20.51.237","","","","demo","","","",""
"TASK_10.20.51.238","FINISHED","","512","ping -c 1 -t 1 10.20.51.238","","","","demo","","","",""
"TASK_10.20.51.239","FINISHED","","512","ping -c 1 -t 1 10.20.51.239","","","","demo","","","",""
"TASK_10.20.51.240","FINISHED","","512","ping -c 1 -t 1 10.20.51.240","","","","demo","","","",""
"TASK_10.20.51.241","FINISHED","","0","ping -c 1 -t 1 10.20.51.241","","","","demo","","","",""
"TASK_10.20.51.242","FINISHED","","512","ping -c 1 -t 1 10.20.51.242","","","","demo","","","",""
"TASK_10.20.51.243","FINISHED","","512","ping -c 1 -t 1 10.20.51.243","","","","demo","","","",""
"TASK_10.20.51.244","FINISHED","","512","ping -c 1 -t 1 10.20.51.244","","","","demo","","","",""
"TASK_10.20.51.245","FINISHED","","512","ping -c 1 -t 1 10.20.51.245","","","","demo","","","",""
"TASK_10.20.51.246","FINISHED","","512","ping -c 1 -t 1 10.20.51.246","","","","demo","","","",""
"TASK_10.20.51.247","FINISHED","","512","ping -c 1 -t 1 10.20.51.247","","","","demo","","","",""
"TASK_10.20.51.248","FINISHED","","512","ping -c 1 -t 1 10.20.51.248","","","","demo","","","",""
"TASK_10.20.51.249","FINISHED","","512","ping -c 1 -t 1 10.20.51.249","","","","demo","","","",""
"TASK_10.20.51.250","FINISHED","","512","ping -c 1 -t 1 10.20.51.250","","","","demo","","","",""
"TASK_10.20.51.251","FINISHED","","512","ping -c 1 -t 1 10.20.51.251","","","","demo","","","",""
"TASK_10.20.51.252","FINISHED","","0","ping -c 1 -t 1 10.20.51.252","","","","demo","","","",""
"TASK_10.20.51.253","FINISHED","","512","ping -c 1 -t 1 10.20.51.253","","","","demo","","","",""
"TASK_10.20.51.254","FINISHED","","512","ping -c 1 -t 1 10.20.51.254","","","","demo","","","",""
